Bairro,Distrito,Divisão,Zona
Jardim Aeroporto,CAMPO BELO,ZONA SUL 1,SUL
Vila Aeroporto,CAMPO BELO,ZONA SUL 1,SUL
Vila Alexandria,CAMPO BELO,ZONA SUL 1,SUL
Jardim Alice,CAMPO BELO,ZONA SUL 1,SUL
Jardim Brasil,CAMPO BELO,ZONA SUL 1,SUL
Brooklin Paulista,CAMPO BELO,ZONA SUL 1,SUL
Brooklin Velho,CAMPO BELO,ZONA SUL 1,SUL
Campo Belo,CAMPO BELO,ZONA SUL 1,SUL
Vila Carmem,CAMPO BELO,ZONA SUL 1,SUL
Parque Colonial,CAMPO BELO,ZONA SUL 1,SUL
Jabaquara,CAMPO BELO,ZONA SUL 1,SUL
Novo Piraju,CAMPO BELO,ZONA SUL 1,SUL
Água Funda,CURSINO,ZONA SUL 1,SUL
Vila Água Funda,CURSINO,ZONA SUL 1,SUL
Conjunto dos Bancários,CURSINO,ZONA SUL 1,SUL
Bosque da Saúde,CURSINO,ZONA SUL 1,SUL
Vila Brasilina,CURSINO,ZONA SUL 1,SUL
Vila Brasílio Machado,CURSINO,ZONA SUL 1,SUL
Cursino,CURSINO,ZONA SUL 1,SUL
Vila Firmiano Pinto,CURSINO,ZONA SUL 1,SUL
Vila Gumercindo,CURSINO,ZONA SUL 1,SUL
Vila Moraes,CURSINO,ZONA SUL 1,SUL
Jardim Previdência,CURSINO,ZONA SUL 1,SUL
Vila Santo Stefano,CURSINO,ZONA SUL 1,SUL
Jardim São Miguel,CURSINO,ZONA SUL 1,SUL
Saúde,CURSINO,ZONA SUL 1,SUL
Jardim da Saúde,CURSINO,ZONA SUL 1,SUL
Vila Simões,CURSINO,ZONA SUL 1,SUL
Alto do Ipiranga,IPIRANGA,ZONA SUL 1,SUL
Vila Brasílio Machado,IPIRANGA,ZONA SUL 1,SUL
Vila Carioca,IPIRANGA,ZONA SUL 1,SUL
Vila Dom Pedro 1º,IPIRANGA,ZONA SUL 1,SUL
Vila Gumercindo,IPIRANGA,ZONA SUL 1,SUL
Heliópolis,IPIRANGA,ZONA SUL 1,SUL
Vila Independência,IPIRANGA,ZONA SUL 1,SUL
Ipiranga,IPIRANGA,ZONA SUL 1,SUL
Vila Monumento,IPIRANGA,ZONA SUL 1,SUL
Vila Nair,IPIRANGA,ZONA SUL 1,SUL
Sacomã,IPIRANGA,ZONA SUL 1,SUL
Vila Santa Eulália,IPIRANGA,ZONA SUL 1,SUL
Vila São José,IPIRANGA,ZONA SUL 1,SUL
Americanópolis,JABAQUARA,ZONA SUL 1,SUL
Jardim Anchieta,JABAQUARA,ZONA SUL 1,SUL
Vila Babilônia,JABAQUARA,ZONA SUL 1,SUL
Jardim Bom Clima,JABAQUARA,ZONA SUL 1,SUL
Vila Campestre,JABAQUARA,ZONA SUL 1,SUL
Vila Canaã,JABAQUARA,ZONA SUL 1,SUL
Vila Capela,JABAQUARA,ZONA SUL 1,SUL
Vila Celeste,JABAQUARA,ZONA SUL 1,SUL
Vila Clara,JABAQUARA,ZONA SUL 1,SUL
Jardim Costa Pereira,JABAQUARA,ZONA SUL 1,SUL
Jardim Cunha Bueno,JABAQUARA,ZONA SUL 1,SUL
Cidade Domitila,JABAQUARA,ZONA SUL 1,SUL
Vila do Encontro,JABAQUARA,ZONA SUL 1,SUL
Vila Facchini,JABAQUARA,ZONA SUL 1,SUL
Vila Guarani,JABAQUARA,ZONA SUL 1,SUL
Jardim Itacolomi,JABAQUARA,ZONA SUL 1,SUL
Jardim Jabaquara,JABAQUARA,ZONA SUL 1,SUL
Jabaquara,JABAQUARA,ZONA SUL 1,SUL
Parque Jabaquara,JABAQUARA,ZONA SUL 1,SUL
Cidade Leonor,JABAQUARA,ZONA SUL 1,SUL
Jardim Lourdes,JABAQUARA,ZONA SUL 1,SUL
Vila Mascote,JABAQUARA,ZONA SUL 1,SUL
Jardim Mendes Gaia,JABAQUARA,ZONA SUL 1,SUL
Jardim Metropolitano,JABAQUARA,ZONA SUL 1,SUL
Vila Mira,JABAQUARA,ZONA SUL 1,SUL
Jardim Oriental,JABAQUARA,ZONA SUL 1,SUL
Vila Paulista,JABAQUARA,ZONA SUL 1,SUL
Vila Santa Catarina,JABAQUARA,ZONA SUL 1,SUL
Jardim São Martinho,JABAQUARA,ZONA SUL 1,SUL
Jardim Scaff,JABAQUARA,ZONA SUL 1,SUL
Jardim Sul São Paulo,JABAQUARA,ZONA SUL 1,SUL
Cidade Vargas,JABAQUARA,ZONA SUL 1,SUL
Vila da Várzea,JABAQUARA,ZONA SUL 1,SUL
Vila Helena,MOEMA,ZONA SUL 1,SUL
Parque Ibirapuera,MOEMA,ZONA SUL 1,SUL
Indianópolis,MOEMA,ZONA SUL 1,SUL
Jardim Luzitânia,MOEMA,ZONA SUL 1,SUL
Moema,MOEMA,ZONA SUL 1,SUL
Vila Nova Conceição,MOEMA,ZONA SUL 1,SUL
Jardim Novo Mundo,MOEMA,ZONA SUL 1,SUL
Paraíso,MOEMA,ZONA SUL 1,SUL
Vila Uberabinha,MOEMA,ZONA SUL 1,SUL
Jardim Ana Maria,SACOMÃ,ZONA SUL 1,SUL
Vila Anchieta,SACOMÃ,ZONA SUL 1,SUL
Vila Arapuá,SACOMÃ,ZONA SUL 1,SUL
Jardim dos Bandeirantes,SACOMÃ,ZONA SUL 1,SUL
Jardim Botucatu,SACOMÃ,ZONA SUL 1,SUL
Parque Bristol,SACOMÃ,ZONA SUL 1,SUL
Cohab Caraguatá,SACOMÃ,ZONA SUL 1,SUL
Vila Caraguatá,SACOMÃ,ZONA SUL 1,SUL
Jardim Celeste,SACOMÃ,ZONA SUL 1,SUL
Jardim Climax,SACOMÃ,ZONA SUL 1,SUL
Vila Conde do Pinhal,SACOMÃ,ZONA SUL 1,SUL
Vila Cristália,SACOMÃ,ZONA SUL 1,SUL
Vila Cristina,SACOMÃ,ZONA SUL 1,SUL
Jardim Elísio,SACOMÃ,ZONA SUL 1,SUL
Parque Fongaro,SACOMÃ,ZONA SUL 1,SUL
Vila Heliópolis,SACOMÃ,ZONA SUL 1,SUL
Vila Henrique Cunha Bueno,SACOMÃ,ZONA SUL 1,SUL
Jardim Imperador,SACOMÃ,ZONA SUL 1,SUL
Vila Independência,SACOMÃ,ZONA SUL 1,SUL
Jardim Liar,SACOMÃ,ZONA SUL 1,SUL
Vila Liviero,SACOMÃ,ZONA SUL 1,SUL
Jardim Maria Estela,SACOMÃ,ZONA SUL 1,SUL
Vila Marte,SACOMÃ,ZONA SUL 1,SUL
Vila das Mercês,SACOMÃ,ZONA SUL 1,SUL
Vila Moinho Velho,SACOMÃ,ZONA SUL 1,SUL
Jardim Natália,SACOMÃ,ZONA SUL 1,SUL
Jardim Patente Novo,SACOMÃ,ZONA SUL 1,SUL
Jardim Patente,SACOMÃ,ZONA SUL 1,SUL
Vila Quaquá,SACOMÃ,ZONA SUL 1,SUL
Vila Romano,SACOMÃ,ZONA SUL 1,SUL
Vila Sacomã,SACOMÃ,ZONA SUL 1,SUL
Jardim Santa Cruz,SACOMÃ,ZONA SUL 1,SUL
Jardim Santa Emília,SACOMÃ,ZONA SUL 1,SUL
Vila Santa Tereza,SACOMÃ,ZONA SUL 1,SUL
Jardim Santo Antônio do Cursino,SACOMÃ,ZONA SUL 1,SUL
São João Clímaco,SACOMÃ,ZONA SUL 1,SUL
Jardim São Savério,SACOMÃ,ZONA SUL 1,SUL
Jardim Seckler,SACOMÃ,ZONA SUL 1,SUL
Jardim Tropical,SACOMÃ,ZONA SUL 1,SUL
Vila Vera,SACOMÃ,ZONA SUL 1,SUL
Jardim Vergueiro,SACOMÃ,ZONA SUL 1,SUL
Vila Vermelha,SACOMÃ,ZONA SUL 1,SUL
Vila Araci,SAÚDE,ZONA SUL 1,SUL
Praça da Árvore,SAÚDE,ZONA SUL 1,SUL
Bosque Da Saúde,SAÚDE,ZONA SUL 1,SUL
Vila do Bosque,SAÚDE,ZONA SUL 1,SUL
Jardim Ceci,SAÚDE,ZONA SUL 1,SUL
Vila Cruzeiro do Sul,SAÚDE,ZONA SUL 1,SUL
Parque Imperial,SAÚDE,ZONA SUL 1,SUL
Chácara Inglesa,SAÚDE,ZONA SUL 1,SUL
Mirandópolis,SAÚDE,ZONA SUL 1,SUL
Vila Monte Alegre,SAÚDE,ZONA SUL 1,SUL
Vila Noca,SAÚDE,ZONA SUL 1,SUL
Planalto Paulista,SAÚDE,ZONA SUL 1,SUL
Vila São João,SAÚDE,ZONA SUL 1,SUL
São Judas,SAÚDE,ZONA SUL 1,SUL
Vila São Pedro,SAÚDE,ZONA SUL 1,SUL
Saúde,SAÚDE,ZONA SUL 1,SUL
Vila da Saúde,SAÚDE,ZONA SUL 1,SUL
Vila Afonso Celso,VILA MARIANA,ZONA SUL 1,SUL
Jardim Aurélia,VILA MARIANA,ZONA SUL 1,SUL
Conjunto dos Bancários,VILA MARIANA,ZONA SUL 1,SUL
Chácara Castelo,VILA MARIANA,ZONA SUL 1,SUL
Vila Clementino,VILA MARIANA,ZONA SUL 1,SUL
Jardim Glória,VILA MARIANA,ZONA SUL 1,SUL
Jardim Lutfala,VILA MARIANA,ZONA SUL 1,SUL
Jardim Vila Mariana,VILA MARIANA,ZONA SUL 1,SUL
Vila Mariana,VILA MARIANA,ZONA SUL 1,SUL
Paraíso,VILA MARIANA,ZONA SUL 1,SUL
Jardim Aliança,ZONA SUL 2,ZONA SUL 2,SUL
Jardim Alva,ZONA SUL 2,ZONA SUL 2,SUL
Vila Andaluzia,ZONA SUL 2,ZONA SUL 2,SUL
Vila Angelina,ZONA SUL 2,ZONA SUL 2,SUL
Vila Anhanguera,ZONA SUL 2,ZONA SUL 2,SUL
Jardim Araújo Almeida,ZONA SUL 2,ZONA SUL 2,SUL
Vila Arriete,ZONA SUL 2,ZONA SUL 2,SUL
Jardim Beatriz,ZONA SUL 2,ZONA SUL 2,SUL
Jardim Bélgica,ZONA SUL 2,ZONA SUL 2,SUL
Vila Bochiglieri,ZONA SUL 2,ZONA SUL 2,SUL
Vila Cabral,ZONA SUL 2,ZONA SUL 2,SUL
Jardim Campina,ZONA SUL 2,ZONA SUL 2,SUL
Campininha,ZONA SUL 2,ZONA SUL 2,SUL
Campo Grande,ZONA SUL 2,ZONA SUL 2,SUL
Jardim Campo Grande,ZONA SUL 2,ZONA SUL 2,SUL
Vila Campo Grande,ZONA SUL 2,ZONA SUL 2,SUL
Jardim do Carmo,ZONA SUL 2,ZONA SUL 2,SUL
Jardim Castelo,ZONA SUL 2,ZONA SUL 2,SUL
Jardim Consórcio,ZONA SUL 2,ZONA SUL 2,SUL
Vila Emir,ZONA SUL 2,ZONA SUL 2,SUL
Jardim Ernestina,ZONA SUL 2,ZONA SUL 2,SUL
Vila Gaúcha,ZONA SUL 2,ZONA SUL 2,SUL
Jardim Gea,ZONA SUL 2,ZONA SUL 2,SUL
Jardim Hilton Santos,ZONA SUL 2,ZONA SUL 2,SUL
Vila Imaculada Conceição,ZONA SUL 2,ZONA SUL 2,SUL
Jardim Ipê,ZONA SUL 2,ZONA SUL 2,SUL
Vila Isa,ZONA SUL 2,ZONA SUL 2,SUL
Jardim Juá,ZONA SUL 2,ZONA SUL 2,SUL
Parque Residencial Júlia,ZONA SUL 2,ZONA SUL 2,SUL
Jurubatuba,ZONA SUL 2,ZONA SUL 2,SUL
Jardim Luanda,ZONA SUL 2,ZONA SUL 2,SUL
Jardim Manacá,ZONA SUL 2,ZONA SUL 2,SUL
Jardim Marajoara,ZONA SUL 2,ZONA SUL 2,SUL
Jardim Palmares,ZONA SUL 2,ZONA SUL 2,SUL
Pedreira,ZONA SUL 2,ZONA SUL 2,SUL
Jardim dos Prados,ZONA SUL 2,ZONA SUL 2,SUL
Vila Roli,ZONA SUL 2,ZONA SUL 2,SUL
Vila Romano,ZONA SUL 2,ZONA SUL 2,SUL
Conjunto Residencial Sabará,ZONA SUL 2,ZONA SUL 2,SUL
Jardim Sabará,ZONA SUL 2,ZONA SUL 2,SUL
Parque Sabará,ZONA SUL 2,ZONA SUL 2,SUL
Vila Sabará,ZONA SUL 2,ZONA SUL 2,SUL
Jardim Santa Branca,ZONA SUL 2,ZONA SUL 2,SUL
Jardim Santa Cruz,ZONA SUL 2,ZONA SUL 2,SUL
Vila Santana,ZONA SUL 2,ZONA SUL 2,SUL
Vila São Pedro,ZONA SUL 2,ZONA SUL 2,SUL
Jardim Silvana,ZONA SUL 2,ZONA SUL 2,SUL
Vila Sofia,ZONA SUL 2,ZONA SUL 2,SUL
Sítio Tapera,ZONA SUL 2,ZONA SUL 2,SUL
Jardim Taquaral,ZONA SUL 2,ZONA SUL 2,SUL
Parque Industrial Taquaral,ZONA SUL 2,ZONA SUL 2,SUL
Jardim Ubirajara,ZONA SUL 2,ZONA SUL 2,SUL
Vila Alteza,CAMPO LIMPO,ZONA SUL 2,SUL
Vila América,CAMPO LIMPO,ZONA SUL 2,SUL
Jardim Ana Maria,CAMPO LIMPO,ZONA SUL 2,SUL
Vila Anália,CAMPO LIMPO,ZONA SUL 2,SUL
Parque Arariba,CAMPO LIMPO,ZONA SUL 2,SUL
Jardim Bom Refúgio,CAMPO LIMPO,ZONA SUL 2,SUL
Campo Limpo,CAMPO LIMPO,ZONA SUL 2,SUL
Jardim Campo Limpo,CAMPO LIMPO,ZONA SUL 2,SUL
Capelinha,CAMPO LIMPO,ZONA SUL 2,SUL
Vila Carioca,CAMPO LIMPO,ZONA SUL 2,SUL
Jardim Catanduva,CAMPO LIMPO,ZONA SUL 2,SUL
Parque Ipé,CAMPO LIMPO,ZONA SUL 2,SUL
Jardim Dorly,CAMPO LIMPO,ZONA SUL 2,SUL
Jardim Eledy,CAMPO LIMPO,ZONA SUL 2,SUL
Jardim Elisa,CAMPO LIMPO,ZONA SUL 2,SUL
Jardim Elisabeth,CAMPO LIMPO,ZONA SUL 2,SUL
Vila Ernesto,CAMPO LIMPO,ZONA SUL 2,SUL
Parque Esmeralda,CAMPO LIMPO,ZONA SUL 2,SUL
Jardim Evana,CAMPO LIMPO,ZONA SUL 2,SUL
Jardim Faria Lima,CAMPO LIMPO,ZONA SUL 2,SUL
Vila Ferreirinha,CAMPO LIMPO,ZONA SUL 2,SUL
Vila Franca,CAMPO LIMPO,ZONA SUL 2,SUL
Jardim Helga,CAMPO LIMPO,ZONA SUL 2,SUL
Horto do Ipé,CAMPO LIMPO,ZONA SUL 2,SUL
Jardim Ingá,CAMPO LIMPO,ZONA SUL 2,SUL
Jardim Iracema,CAMPO LIMPO,ZONA SUL 2,SUL
Jardim Itamarati,CAMPO LIMPO,ZONA SUL 2,SUL
Jardim Jamaica,CAMPO LIMPO,ZONA SUL 2,SUL
Jardim Laranjal,CAMPO LIMPO,ZONA SUL 2,SUL
Jardim Leônidas Moreira,CAMPO LIMPO,ZONA SUL 2,SUL
Jardim Luzitânia,CAMPO LIMPO,ZONA SUL 2,SUL
Jardim Maria Sampaio,CAMPO LIMPO,ZONA SUL 2,SUL
Jardim Maria Tereza,CAMPO LIMPO,ZONA SUL 2,SUL
Jardim Maria Virginia,CAMPO LIMPO,ZONA SUL 2,SUL
Jardim Martinica,CAMPO LIMPO,ZONA SUL 2,SUL
Parque Mirassol,CAMPO LIMPO,ZONA SUL 2,SUL
Jardim Mitsutani,CAMPO LIMPO,ZONA SUL 2,SUL
Conjunto Habitacional Monet,CAMPO LIMPO,ZONA SUL 2,SUL
Morumbi do Sul,CAMPO LIMPO,ZONA SUL 2,SUL
Conjunto Residencial Morumbi,CAMPO LIMPO,ZONA SUL 2,SUL
Jardim Nadir,CAMPO LIMPO,ZONA SUL 2,SUL
Jardim Nelma,CAMPO LIMPO,ZONA SUL 2,SUL
Vila Nossa Senhora Aparecida,CAMPO LIMPO,ZONA SUL 2,SUL
Chácara Nossa Senhora do Bom Conselho,CAMPO LIMPO,ZONA SUL 2,SUL
Vila Nova Pirajussara,CAMPO LIMPO,ZONA SUL 2,SUL
Jardim Novo Oriente,CAMPO LIMPO,ZONA SUL 2,SUL
Vila Olga,CAMPO LIMPO,ZONA SUL 2,SUL
Jardim Olinda,CAMPO LIMPO,ZONA SUL 2,SUL
Jardim Paris,CAMPO LIMPO,ZONA SUL 2,SUL
Jardim Piracuamã,CAMPO LIMPO,ZONA SUL 2,SUL
Pirajussara,CAMPO LIMPO,ZONA SUL 2,SUL
Jardim Pirajussara,CAMPO LIMPO,ZONA SUL 2,SUL
Vila Pirajussara,CAMPO LIMPO,ZONA SUL 2,SUL
Jardim Prestes Maia,CAMPO LIMPO,ZONA SUL 2,SUL
Jardim Rebouças,CAMPO LIMPO,ZONA SUL 2,SUL
Parque Regina,CAMPO LIMPO,ZONA SUL 2,SUL
Vila Rica,CAMPO LIMPO,ZONA SUL 2,SUL
Jardim Roni,CAMPO LIMPO,ZONA SUL 2,SUL
Jardim Rosana,CAMPO LIMPO,ZONA SUL 2,SUL
Jardim Samara,CAMPO LIMPO,ZONA SUL 2,SUL
Jardim Santa Efigênia,CAMPO LIMPO,ZONA SUL 2,SUL
Jardim São Januário,CAMPO LIMPO,ZONA SUL 2,SUL
Jardim São Mateus,CAMPO LIMPO,ZONA SUL 2,SUL
Jardim Taboão,CAMPO LIMPO,ZONA SUL 2,SUL
Jardim Tereza Rosa,CAMPO LIMPO,ZONA SUL 2,SUL
Jardim Umarizal,CAMPO LIMPO,ZONA SUL 2,SUL
Jardim Umuarama,CAMPO LIMPO,ZONA SUL 2,SUL
Jardim Vale das Virtudes,CAMPO LIMPO,ZONA SUL 2,SUL
Conjunto Habitacional Adventista,CAPÃO REDONDO,ZONA SUL 2,SUL
Jardim Albano,CAPÃO REDONDO,ZONA SUL 2,SUL
Parque Aliança,CAPÃO REDONDO,ZONA SUL 2,SUL
Jardim Alvorada,CAPÃO REDONDO,ZONA SUL 2,SUL
Jardim Amália,CAPÃO REDONDO,ZONA SUL 2,SUL
Jardim Ana,CAPÃO REDONDO,ZONA SUL 2,SUL
Jardim Analícia,CAPÃO REDONDO,ZONA SUL 2,SUL
Jardim Atlântico,CAPÃO REDONDO,ZONA SUL 2,SUL
Jardim Aurélio,CAPÃO REDONDO,ZONA SUL 2,SUL
Cidade Auxiliadora,CAPÃO REDONDO,ZONA SUL 2,SUL
Jardim Avenida,CAPÃO REDONDO,ZONA SUL 2,SUL
Parque Residencial Bandeirantes,CAPÃO REDONDO,ZONA SUL 2,SUL
Jardim Boa Esperança,CAPÃO REDONDO,ZONA SUL 2,SUL
Jardim Campo de Fora,CAPÃO REDONDO,ZONA SUL 2,SUL
Capão Redondo,CAPÃO REDONDO,ZONA SUL 2,SUL
Jardim Capão Redondo,CAPÃO REDONDO,ZONA SUL 2,SUL
Vila Cecy Madureira,CAPÃO REDONDO,ZONA SUL 2,SUL
Jardim Clarice,CAPÃO REDONDO,ZONA SUL 2,SUL
Vila Clélia,CAPÃO REDONDO,ZONA SUL 2,SUL
Jardim do Colégio,CAPÃO REDONDO,ZONA SUL 2,SUL
Jardim Comercial,CAPÃO REDONDO,ZONA SUL 2,SUL
Parque Cristina,CAPÃO REDONDO,ZONA SUL 2,SUL
Jardim Dinah,CAPÃO REDONDO,ZONA SUL 2,SUL
Jardim Dom José,CAPÃO REDONDO,ZONA SUL 2,SUL
Jardim Eledy,CAPÃO REDONDO,ZONA SUL 2,SUL
Jardim Emília,CAPÃO REDONDO,ZONA SUL 2,SUL
Parque do Engenho,CAPÃO REDONDO,ZONA SUL 2,SUL
Jardim Ester,CAPÃO REDONDO,ZONA SUL 2,SUL
Vila Fazzione,CAPÃO REDONDO,ZONA SUL 2,SUL
Conjunto Habitacional Feitiço da Vila,CAPÃO REDONDO,ZONA SUL 2,SUL
Conjunto Habitacional Parque Fernanda,CAPÃO REDONDO,ZONA SUL 2,SUL
Parque Fernanda,CAPÃO REDONDO,ZONA SUL 2,SUL
Jardim Fernandes,CAPÃO REDONDO,ZONA SUL 2,SUL
Jardim Fraternidade,CAPÃO REDONDO,ZONA SUL 2,SUL
Jardim Germânia,CAPÃO REDONDO,ZONA SUL 2,SUL
Jardim Gismar,CAPÃO REDONDO,ZONA SUL 2,SUL
Jardim Iae,CAPÃO REDONDO,ZONA SUL 2,SUL
Jardim Ibirapuera,CAPÃO REDONDO,ZONA SUL 2,SUL
Jardim Imbé,CAPÃO REDONDO,ZONA SUL 2,SUL
Parque Independência,CAPÃO REDONDO,ZONA SUL 2,SUL
Jardim Ipé,CAPÃO REDONDO,ZONA SUL 2,SUL
Jardim Irapiranga,CAPÃO REDONDO,ZONA SUL 2,SUL
Jardim Irene,CAPÃO REDONDO,ZONA SUL 2,SUL
Jardim Itaoca,CAPÃO REDONDO,ZONA SUL 2,SUL
Jardim Jangadeiro,CAPÃO REDONDO,ZONA SUL 2,SUL
Jardim Jerivá,CAPÃO REDONDO,ZONA SUL 2,SUL
Jardim Lídia,CAPÃO REDONDO,ZONA SUL 2,SUL
Jardim Lilah,CAPÃO REDONDO,ZONA SUL 2,SUL
Jardim Luzitânia,CAPÃO REDONDO,ZONA SUL 2,SUL
Jardim Macedônia,CAPÃO REDONDO,ZONA SUL 2,SUL
Jardim Madalena,CAPÃO REDONDO,ZONA SUL 2,SUL
Jardim Maraca,CAPÃO REDONDO,ZONA SUL 2,SUL
Jardim Marcelo,CAPÃO REDONDO,ZONA SUL 2,SUL
Jardim Marciano,CAPÃO REDONDO,ZONA SUL 2,SUL
Parque Maria Helena,CAPÃO REDONDO,ZONA SUL 2,SUL
Jardim Mariane,CAPÃO REDONDO,ZONA SUL 2,SUL
Vila Maringá,CAPÃO REDONDO,ZONA SUL 2,SUL
Jardim Mirante,CAPÃO REDONDO,ZONA SUL 2,SUL
Jardim Modelo,CAPÃO REDONDO,ZONA SUL 2,SUL
Conjunto Habitacional Monet,CAPÃO REDONDO,ZONA SUL 2,SUL
Vila Monte Alegre,CAPÃO REDONDO,ZONA SUL 2,SUL
Jardim Nova Germânia,CAPÃO REDONDO,ZONA SUL 2,SUL
Jardim do Pastor,CAPÃO REDONDO,ZONA SUL 2,SUL
Jardim Piracema,CAPÃO REDONDO,ZONA SUL 2,SUL
Estância Pirajussara,CAPÃO REDONDO,ZONA SUL 2,SUL
Jardim Remo,CAPÃO REDONDO,ZONA SUL 2,SUL
Parque Rondon,CAPÃO REDONDO,ZONA SUL 2,SUL
Jardim das Rosas,CAPÃO REDONDO,ZONA SUL 2,SUL
Jardim Sagrado Coração De Jesus,CAPÃO REDONDO,ZONA SUL 2,SUL
Jardim Sandra,CAPÃO REDONDO,ZONA SUL 2,SUL
Vila Santa Maria,CAPÃO REDONDO,ZONA SUL 2,SUL
Vila Santa Terezinha,CAPÃO REDONDO,ZONA SUL 2,SUL
Parque Santana,CAPÃO REDONDO,ZONA SUL 2,SUL
Conjunto Habitacional Jardim São Bento,CAPÃO REDONDO,ZONA SUL 2,SUL
Jardim São Bento,CAPÃO REDONDO,ZONA SUL 2,SUL
Jardim São José,CAPÃO REDONDO,ZONA SUL 2,SUL
Jardim São Judas Tadeu,CAPÃO REDONDO,ZONA SUL 2,SUL
Jardim São Vitor,CAPÃO REDONDO,ZONA SUL 2,SUL
Parque Sônia,CAPÃO REDONDO,ZONA SUL 2,SUL
Jardim Soraia,CAPÃO REDONDO,ZONA SUL 2,SUL
Jardim Três Estrelas,CAPÃO REDONDO,ZONA SUL 2,SUL
Jardim Vale Das Virtudes,CAPÃO REDONDO,ZONA SUL 2,SUL
Valo Velho,CAPÃO REDONDO,ZONA SUL 2,SUL
Cohab Valo Velho,CAPÃO REDONDO,ZONA SUL 2,SUL
Jardim Valquíria,CAPÃO REDONDO,ZONA SUL 2,SUL
Jardim Vanda,CAPÃO REDONDO,ZONA SUL 2,SUL
Conjunto Residencial Vanguarda,CAPÃO REDONDO,ZONA SUL 2,SUL
Jardim Vaz De Lima,CAPÃO REDONDO,ZONA SUL 2,SUL
Parque Residencial Vera Cruz,CAPÃO REDONDO,ZONA SUL 2,SUL
Jardim Viana,CAPÃO REDONDO,ZONA SUL 2,SUL
Jardim Vista Linda,CAPÃO REDONDO,ZONA SUL 2,SUL
Cidade Ademar,CIDADE ADEMAR,ZONA SUL 2,SUL
Jardim Alto Congonhas,CIDADE ADEMAR,ZONA SUL 2,SUL
Jardim Alvorada,CIDADE ADEMAR,ZONA SUL 2,SUL
Americanópolis,CIDADE ADEMAR,ZONA SUL 2,SUL
Jardim Anchieta,CIDADE ADEMAR,ZONA SUL 2,SUL
Jardim Bransley,CIDADE ADEMAR,ZONA SUL 2,SUL
Vila Capela,CIDADE ADEMAR,ZONA SUL 2,SUL
Jardim do Castelo,CIDADE ADEMAR,ZONA SUL 2,SUL
Vila Celeste,CIDADE ADEMAR,ZONA SUL 2,SUL
Jardim Cidália,CIDADE ADEMAR,ZONA SUL 2,SUL
Vila Clara,CIDADE ADEMAR,ZONA SUL 2,SUL
Vila Clarice,CIDADE ADEMAR,ZONA SUL 2,SUL
Vila Constança,CIDADE ADEMAR,ZONA SUL 2,SUL
Cupecê,CIDADE ADEMAR,ZONA SUL 2,SUL
Jardim Cupecê,CIDADE ADEMAR,ZONA SUL 2,SUL
Jardim Domitila,CIDADE ADEMAR,ZONA SUL 2,SUL
Vila Elida,CIDADE ADEMAR,ZONA SUL 2,SUL
Vila Erna,CIDADE ADEMAR,ZONA SUL 2,SUL
Vila Filomena,CIDADE ADEMAR,ZONA SUL 2,SUL
Jardim Harmonia,CIDADE ADEMAR,ZONA SUL 2,SUL
Vila Ideal,CIDADE ADEMAR,ZONA SUL 2,SUL
Vila Império,CIDADE ADEMAR,ZONA SUL 2,SUL
Vila Imprensa,CIDADE ADEMAR,ZONA SUL 2,SUL
Vila Inglesa,CIDADE ADEMAR,ZONA SUL 2,SUL
Jardim Itacolomi,CIDADE ADEMAR,ZONA SUL 2,SUL
Jardim Itapura,CIDADE ADEMAR,ZONA SUL 2,SUL
Jardim Jabaquara,CIDADE ADEMAR,ZONA SUL 2,SUL
Vila Joaniza,CIDADE ADEMAR,ZONA SUL 2,SUL
Jardim Judith,CIDADE ADEMAR,ZONA SUL 2,SUL
Cidade Julia,CIDADE ADEMAR,ZONA SUL 2,SUL
Jardim Los Angeles,CIDADE ADEMAR,ZONA SUL 2,SUL
Jardim Luanda,CIDADE ADEMAR,ZONA SUL 2,SUL
Jardim Luso,CIDADE ADEMAR,ZONA SUL 2,SUL
Vila Maiara,CIDADE ADEMAR,ZONA SUL 2,SUL
Vila Marari,CIDADE ADEMAR,ZONA SUL 2,SUL
Jardim Maria Luiza,CIDADE ADEMAR,ZONA SUL 2,SUL
Conjunto Habitacional Jardim Martinez,CIDADE ADEMAR,ZONA SUL 2,SUL
Jardim Martini,CIDADE ADEMAR,ZONA SUL 2,SUL
Jardim Melo,CIDADE ADEMAR,ZONA SUL 2,SUL
Jardim Mendes Gaia,CIDADE ADEMAR,ZONA SUL 2,SUL
Jardim Miriam,CIDADE ADEMAR,ZONA SUL 2,SUL
Vila Missionaria,CIDADE ADEMAR,ZONA SUL 2,SUL
Jardim Niterói,CIDADE ADEMAR,ZONA SUL 2,SUL
Jardim Nossa Senhora Das Graças,CIDADE ADEMAR,ZONA SUL 2,SUL
Jardim Nosso Lar,CIDADE ADEMAR,ZONA SUL 2,SUL
Vila Nova Caledônia,CIDADE ADEMAR,ZONA SUL 2,SUL
Jardim Olinda,CIDADE ADEMAR,ZONA SUL 2,SUL
Jardim Oliveira,CIDADE ADEMAR,ZONA SUL 2,SUL
Jardim Orli,CIDADE ADEMAR,ZONA SUL 2,SUL
Vila Patrimonial,CIDADE ADEMAR,ZONA SUL 2,SUL
Vila Príncipe De Gales,CIDADE ADEMAR,ZONA SUL 2,SUL
Jardim Prudência,CIDADE ADEMAR,ZONA SUL 2,SUL
Vila Rica,CIDADE ADEMAR,ZONA SUL 2,SUL
Vila Santa Margarida,CIDADE ADEMAR,ZONA SUL 2,SUL
Jardim Santo Antonio,CIDADE ADEMAR,ZONA SUL 2,SUL
Jardim São Carlos,CIDADE ADEMAR,ZONA SUL 2,SUL
Jardim São Jorge,CIDADE ADEMAR,ZONA SUL 2,SUL
Jardim São Martinho,CIDADE ADEMAR,ZONA SUL 2,SUL
Vila São Paulo,CIDADE ADEMAR,ZONA SUL 2,SUL
Jardim Scaff,CIDADE ADEMAR,ZONA SUL 2,SUL
Jardim SÂnia,CIDADE ADEMAR,ZONA SUL 2,SUL
Vila Stefani,CIDADE ADEMAR,ZONA SUL 2,SUL
Jardim Uberaba,CIDADE ADEMAR,ZONA SUL 2,SUL
Jardim Umuarama,CIDADE ADEMAR,ZONA SUL 2,SUL
Jardim Vilas Boas,CIDADE ADEMAR,ZONA SUL 2,SUL
ZavuvUs,CIDADE ADEMAR,ZONA SUL 2,SUL
Jardim Alpino,CIDADE DUTRA,ZONA SUL 2,SUL
Parque Alto do Rio Bonito,CIDADE DUTRA,ZONA SUL 2,SUL
Cidade Alvorada,CIDADE DUTRA,ZONA SUL 2,SUL
Jardim Amélia,CIDADE DUTRA,ZONA SUL 2,SUL
Jardim Ana Lúcia,CIDADE DUTRA,ZONA SUL 2,SUL
Jardim Angelina,CIDADE DUTRA,ZONA SUL 2,SUL
Parque Arvores,CIDADE DUTRA,ZONA SUL 2,SUL
Jardim Beatriz,CIDADE DUTRA,ZONA SUL 2,SUL
Jardim Bela Vista,CIDADE DUTRA,ZONA SUL 2,SUL
Jardim Bonito,CIDADE DUTRA,ZONA SUL 2,SUL
Jardim das Camélias,CIDADE DUTRA,ZONA SUL 2,SUL
Parque do Castelo,CIDADE DUTRA,ZONA SUL 2,SUL
Jardim Cliper,CIDADE DUTRA,ZONA SUL 2,SUL
Jardim Colonial,CIDADE DUTRA,ZONA SUL 2,SUL
Vila Correntina,CIDADE DUTRA,ZONA SUL 2,SUL
Jardim Cristal,CIDADE DUTRA,ZONA SUL 2,SUL
Jardim Cruzeiro,CIDADE DUTRA,ZONA SUL 2,SUL
Vila Diana,CIDADE DUTRA,ZONA SUL 2,SUL
Cidade Dutra,CIDADE DUTRA,ZONA SUL 2,SUL
Jardim Edda,CIDADE DUTRA,ZONA SUL 2,SUL
Jardim Edilene,CIDADE DUTRA,ZONA SUL 2,SUL
Jardim Edwiges,CIDADE DUTRA,ZONA SUL 2,SUL
Jardim Esmeralda,CIDADE DUTRA,ZONA SUL 2,SUL
Sitio Figueiras do Rio Bonito,CIDADE DUTRA,ZONA SUL 2,SUL
Jardim Floresta,CIDADE DUTRA,ZONA SUL 2,SUL
Jardim Guanabara,CIDADE DUTRA,ZONA SUL 2,SUL
Jardim Guanhembu,CIDADE DUTRA,ZONA SUL 2,SUL
Jardim das Imbuias,CIDADE DUTRA,ZONA SUL 2,SUL
Jardim Imperio,CIDADE DUTRA,ZONA SUL 2,SUL
Jardim Iporanga,CIDADE DUTRA,ZONA SUL 2,SUL
Sitio das Jaboticabeiras,CIDADE DUTRA,ZONA SUL 2,SUL
Jardim Jordanópolis,CIDADE DUTRA,ZONA SUL 2,SUL
Jardim Kika,CIDADE DUTRA,ZONA SUL 2,SUL
Jardim Kioto,CIDADE DUTRA,ZONA SUL 2,SUL
Jardim Lallo,CIDADE DUTRA,ZONA SUL 2,SUL
Jardim Leblon,CIDADE DUTRA,ZONA SUL 2,SUL
Jardim Malia 1,CIDADE DUTRA,ZONA SUL 2,SUL
Jardim Malia 2,CIDADE DUTRA,ZONA SUL 2,SUL
Jardim Maria Rita,CIDADE DUTRA,ZONA SUL 2,SUL
Jardim Maringá,CIDADE DUTRA,ZONA SUL 2,SUL
Chácara Monte Azul,CIDADE DUTRA,ZONA SUL 2,SUL
Granja Nossa Senhora Aparecida 1,CIDADE DUTRA,ZONA SUL 2,SUL
Granja Nossa Senhora Aparecida 2,CIDADE DUTRA,ZONA SUL 2,SUL
Jardim Orban,CIDADE DUTRA,ZONA SUL 2,SUL
Jardim Orion,CIDADE DUTRA,ZONA SUL 2,SUL
Jardim Panorama,CIDADE DUTRA,ZONA SUL 2,SUL
Jardim Paulistinha,CIDADE DUTRA,ZONA SUL 2,SUL
Vila da Paz,CIDADE DUTRA,ZONA SUL 2,SUL
Jardim Pombal,CIDADE DUTRA,ZONA SUL 2,SUL
Jardim Presidente,CIDADE DUTRA,ZONA SUL 2,SUL
Jardim Primavera,CIDADE DUTRA,ZONA SUL 2,SUL
Vila Progresso,CIDADE DUTRA,ZONA SUL 2,SUL
Jardim Quarto Centenário,CIDADE DUTRA,ZONA SUL 2,SUL
Vila Quintana,CIDADE DUTRA,ZONA SUL 2,SUL
Jardim Real,CIDADE DUTRA,ZONA SUL 2,SUL
Jardim Régis,CIDADE DUTRA,ZONA SUL 2,SUL
Jardim Represa,CIDADE DUTRA,ZONA SUL 2,SUL
Vila da Represa,CIDADE DUTRA,ZONA SUL 2,SUL
Jardim da República,CIDADE DUTRA,ZONA SUL 2,SUL
Rio Bonito/Parque,CIDADE DUTRA,ZONA SUL 2,SUL
Jardim Rosalina,CIDADE DUTRA,ZONA SUL 2,SUL
Vila Rubi,CIDADE DUTRA,ZONA SUL 2,SUL
Jardim Santa Rita,CIDADE DUTRA,ZONA SUL 2,SUL
Parque Santana,CIDADE DUTRA,ZONA SUL 2,SUL
Vila Santo Antonio,CIDADE DUTRA,ZONA SUL 2,SUL
Vila São Benedito,CIDADE DUTRA,ZONA SUL 2,SUL
Vila São Jose,CIDADE DUTRA,ZONA SUL 2,SUL
Jardim São Judas Tadeu,CIDADE DUTRA,ZONA SUL 2,SUL
Jardim São Nicolau,CIDADE DUTRA,ZONA SUL 2,SUL
Jardim São Rafael,CIDADE DUTRA,ZONA SUL 2,SUL
Jardim São Vicente,CIDADE DUTRA,ZONA SUL 2,SUL
Jardim Satélite,CIDADE DUTRA,ZONA SUL 2,SUL
Jardim Sertãozinho,CIDADE DUTRA,ZONA SUL 2,SUL
Parque Vera Cruz,CIDADE DUTRA,ZONA SUL 2,SUL
Vila Vera,CIDADE DUTRA,ZONA SUL 2,SUL
Jardim Vista Alegre,CIDADE DUTRA,ZONA SUL 2,SUL
Jardim Almeida Prado,GRAJAÚ,ZONA SUL 2,SUL
Jardim Alvorada,GRAJAÚ,ZONA SUL 2,SUL
Parque AmÉrica,GRAJAÚ,ZONA SUL 2,SUL
Inocoop Bandeirantes,GRAJAÚ,ZONA SUL 2,SUL
Barro Branco,GRAJAÚ,ZONA SUL 2,SUL
Jardim Belato,GRAJAÚ,ZONA SUL 2,SUL
Jardim Borba Gato,GRAJAÚ,ZONA SUL 2,SUL
Bororé,GRAJAÚ,ZONA SUL 2,SUL
Jardim Brasília,GRAJAÚ,ZONA SUL 2,SUL
Conjunto Habitacional Brigadeiro Faria Lima,GRAJAÚ,ZONA SUL 2,SUL
Jardim Campinas,GRAJAÚ,ZONA SUL 2,SUL
Chácara Cantinho do Céu,GRAJAÚ,ZONA SUL 2,SUL
Jardim Castro Alves,GRAJAÚ,ZONA SUL 2,SUL
Chácara Cocaia,GRAJAÚ,ZONA SUL 2,SUL
Jardim Cocaia,GRAJAÚ,ZONA SUL 2,SUL
Parque Cocaia,GRAJAÚ,ZONA SUL 2,SUL
Sítio Cocaia,GRAJAÚ,ZONA SUL 2,SUL
Colônia,GRAJAÚ,ZONA SUL 2,SUL
Châcara das Corujas,GRAJAÚ,ZONA SUL 2,SUL
Parque Dayse,GRAJAÚ,ZONA SUL 2,SUL
Jardim Edda,GRAJAÚ,ZONA SUL 2,SUL
Jardim Eliana,GRAJAÚ,ZONA SUL 2,SUL
Jardim Ellus,GRAJAÚ,ZONA SUL 2,SUL
Chácara Gaivota,GRAJAÚ,ZONA SUL 2,SUL
Global,GRAJAÚ,ZONA SUL 2,SUL
Grajaú,GRAJAÚ,ZONA SUL 2,SUL
Conjunto Habitacional Grajaú,GRAJAÚ,ZONA SUL 2,SUL
Parque Grajaú,GRAJAÚ,ZONA SUL 2,SUL
Jardim Guanabara,GRAJAÚ,ZONA SUL 2,SUL
Jardim Icaraí,GRAJAÚ,ZONA SUL 2,SUL
Jardim Itajaí,GRAJAÚ,ZONA SUL 2,SUL
Jardim Itatiaia,GRAJAÚ,ZONA SUL 2,SUL
Jardim Jau,GRAJAÚ,ZONA SUL 2,SUL
Sitio João de Barro,GRAJAÚ,ZONA SUL 2,SUL
Chácara Lagoinha,GRAJAÚ,ZONA SUL 2,SUL
Jardim Lucélia,GRAJAÚ,ZONA SUL 2,SUL
Jardim dos Manacas,GRAJAÚ,ZONA SUL 2,SUL
Jardim Marilda,GRAJAÚ,ZONA SUL 2,SUL
Jardim Marisa,GRAJAÚ,ZONA SUL 2,SUL
Jardim Monte Alegre,GRAJAÚ,ZONA SUL 2,SUL
Vila Moraes Prado,GRAJAÚ,ZONA SUL 2,SUL
Jardim Myrna,GRAJAÚ,ZONA SUL 2,SUL
Vila Natal,GRAJAÚ,ZONA SUL 2,SUL
Jardim Noronha,GRAJAÚ,ZONA SUL 2,SUL
Jardim Nossa Senhora da Aparecida,GRAJAÚ,ZONA SUL 2,SUL
Jardim Novo Horizonte,GRAJAÚ,ZONA SUL 2,SUL
Jardim Orban,GRAJAÚ,ZONA SUL 2,SUL
Sitio Passariuvas,GRAJAÚ,ZONA SUL 2,SUL
Vila Petronita,GRAJAÚ,ZONA SUL 2,SUL
Sitio do Pica Pau,GRAJAÚ,ZONA SUL 2,SUL
Jardim Planalto,GRAJAÚ,ZONA SUL 2,SUL
Jardim Recanto do Sol,GRAJAÚ,ZONA SUL 2,SUL
Jardim Reimberg,GRAJAÚ,ZONA SUL 2,SUL
Jardim Sabiá,GRAJAÚ,ZONA SUL 2,SUL
Jardim das Salinas,GRAJAÚ,ZONA SUL 2,SUL
Jardim Samara,GRAJAÚ,ZONA SUL 2,SUL
Jardim Santa Barbara,GRAJAÚ,ZONA SUL 2,SUL
Jardim Santa Fé,GRAJAÚ,ZONA SUL 2,SUL
Jardim Santa Francisca Cabrini,GRAJAÚ,ZONA SUL 2,SUL
Jardim Santa Teresa,GRAJAÚ,ZONA SUL 2,SUL
Jardim São Bernardo,GRAJAÚ,ZONA SUL 2,SUL
Parque São Jose,GRAJAÚ,ZONA SUL 2,SUL
Jardim São Judas Tadeu,GRAJAÚ,ZONA SUL 2,SUL
Parque São Miguel,GRAJAÚ,ZONA SUL 2,SUL
Parque São Paulo,GRAJAÚ,ZONA SUL 2,SUL
Chácara São Sebastião,GRAJAÚ,ZONA SUL 2,SUL
Jardim Shangrilá,GRAJAÚ,ZONA SUL 2,SUL
Chácara Tanay,GRAJAÚ,ZONA SUL 2,SUL
Bairro Toca do Tatu,GRAJAÚ,ZONA SUL 2,SUL
Jardim Três Corações,GRAJAÚ,ZONA SUL 2,SUL
Varginha,GRAJAÚ,ZONA SUL 2,SUL
Jardim Zilda,GRAJAÚ,ZONA SUL 2,SUL
Jardim Alexandrina Pereira,JARDIM ANGELA,ZONA SUL 2,SUL
Alto da Riviera,JARDIM ANGELA,ZONA SUL 2,SUL
Jardim Alto da Riviera,JARDIM ANGELA,ZONA SUL 2,SUL
Parque Amélia,JARDIM ANGELA,ZONA SUL 2,SUL
Jardim Ana,JARDIM ANGELA,ZONA SUL 2,SUL
Jardim Angela,JARDIM ANGELA,ZONA SUL 2,SUL
Jardim Antonieta,JARDIM ANGELA,ZONA SUL 2,SUL
Jardim Aracati,JARDIM ANGELA,ZONA SUL 2,SUL
Chácara Armond,JARDIM ANGELA,ZONA SUL 2,SUL
Chácara Bandeirantes,JARDIM ANGELA,ZONA SUL 2,SUL
Baronesa,JARDIM ANGELA,ZONA SUL 2,SUL
Vila Bela Vista,JARDIM ANGELA,ZONA SUL 2,SUL
Jardim Boa Esperança,JARDIM ANGELA,ZONA SUL 2,SUL
Vila Bom Jardim,JARDIM ANGELA,ZONA SUL 2,SUL
Parque Boulogne,JARDIM ANGELA,ZONA SUL 2,SUL
Jardim Caiçara,JARDIM ANGELA,ZONA SUL 2,SUL
Vila Calu,JARDIM ANGELA,ZONA SUL 2,SUL
Jardim Capela,JARDIM ANGELA,ZONA SUL 2,SUL
Jardim Célia,JARDIM ANGELA,ZONA SUL 2,SUL
Jardim Clarice,JARDIM ANGELA,ZONA SUL 2,SUL
Jardim Coimbra,JARDIM ANGELA,ZONA SUL 2,SUL
Jardim Copacabana,JARDIM ANGELA,ZONA SUL 2,SUL
Parque Cristina,JARDIM ANGELA,ZONA SUL 2,SUL
Bairro Cumbica,JARDIM ANGELA,ZONA SUL 2,SUL
Vila Damasceno,JARDIM ANGELA,ZONA SUL 2,SUL
Jardim Dionísio,JARDIM ANGELA,ZONA SUL 2,SUL
Balneário Dom Carlos,JARDIM ANGELA,ZONA SUL 2,SUL
Vila Dom Jose,JARDIM ANGELA,ZONA SUL 2,SUL
Estancia Mirim,JARDIM ANGELA,ZONA SUL 2,SUL
Jardim Ester,JARDIM ANGELA,ZONA SUL 2,SUL
Chácara Florida,JARDIM ANGELA,ZONA SUL 2,SUL
Jardim Fraternidade,JARDIM ANGELA,ZONA SUL 2,SUL
Jardim Fugiara,JARDIM ANGELA,ZONA SUL 2,SUL
Vila Gilda,JARDIM ANGELA,ZONA SUL 2,SUL
Jardim Guarujá,JARDIM ANGELA,ZONA SUL 2,SUL
Vila Guiomar,JARDIM ANGELA,ZONA SUL 2,SUL
Jardim Herculano,JARDIM ANGELA,ZONA SUL 2,SUL
Jardim Ibirapuera,JARDIM ANGELA,ZONA SUL 2,SUL
Jardim Imbé,JARDIM ANGELA,ZONA SUL 2,SUL
Parque Independência,JARDIM ANGELA,ZONA SUL 2,SUL
Morro do Índio,JARDIM ANGELA,ZONA SUL 2,SUL
Cidade Ipava,JARDIM ANGELA,ZONA SUL 2,SUL
Vila Jaci,JARDIM ANGELA,ZONA SUL 2,SUL
Jardim Jangadeiro,JARDIM ANGELA,ZONA SUL 2,SUL
Jardim Kagoara,JARDIM ANGELA,ZONA SUL 2,SUL
Parque do Lago,JARDIM ANGELA,ZONA SUL 2,SUL
Jardim Maria Alice,JARDIM ANGELA,ZONA SUL 2,SUL
Jardim Maria Isabel,JARDIM ANGELA,ZONA SUL 2,SUL
Jardim Mariane,JARDIM ANGELA,ZONA SUL 2,SUL
Jardim Marquesa,JARDIM ANGELA,ZONA SUL 2,SUL
M'boi Mirim,JARDIM ANGELA,ZONA SUL 2,SUL
Miami Paulista/Cidade,JARDIM ANGELA,ZONA SUL 2,SUL
Vila Nagib,JARDIM ANGELA,ZONA SUL 2,SUL
Jardim Nakamura,JARDIM ANGELA,ZONA SUL 2,SUL
Parque Nova Esperança,JARDIM ANGELA,ZONA SUL 2,SUL
Parque Novo Santo Amaro,JARDIM ANGELA,ZONA SUL 2,SUL
Conjunto Habitacional Paranapanema,JARDIM ANGELA,ZONA SUL 2,SUL
Jardim Planalto,JARDIM ANGELA,ZONA SUL 2,SUL
Jardim Ranieri,JARDIM ANGELA,ZONA SUL 2,SUL
Jardim Recreio,JARDIM ANGELA,ZONA SUL 2,SUL
Jardim Dos Reis,JARDIM ANGELA,ZONA SUL 2,SUL
Jardim Remo,JARDIM ANGELA,ZONA SUL 2,SUL
Vila Remo,JARDIM ANGELA,ZONA SUL 2,SUL
Jardim Rosa Maria,JARDIM ANGELA,ZONA SUL 2,SUL
Jardim Sagrado Coração de Jesus,JARDIM ANGELA,ZONA SUL 2,SUL
Parque Santa Barbara,JARDIM ANGELA,ZONA SUL 2,SUL
Vila Santa Lécia,JARDIM ANGELA,ZONA SUL 2,SUL
Jardim Santa Margarida,JARDIM ANGELA,ZONA SUL 2,SUL
Jardim Santa Zélia,JARDIM ANGELA,ZONA SUL 2,SUL
Parque Santo Amaro,JARDIM ANGELA,ZONA SUL 2,SUL
Vila Santo Amaro,JARDIM ANGELA,ZONA SUL 2,SUL
Jardim São Joao,JARDIM ANGELA,ZONA SUL 2,SUL
Jardim São Jose,JARDIM ANGELA,ZONA SUL 2,SUL
Vila São Jose,JARDIM ANGELA,ZONA SUL 2,SUL
Chácara São Judas,JARDIM ANGELA,ZONA SUL 2,SUL
Jardim São Lourenço,JARDIM ANGELA,ZONA SUL 2,SUL
Jardim São Manoel,JARDIM ANGELA,ZONA SUL 2,SUL
Sapato Branco,JARDIM ANGELA,ZONA SUL 2,SUL
Jardim Solange,JARDIM ANGELA,ZONA SUL 2,SUL
Chácara Sonho Azul,JARDIM ANGELA,ZONA SUL 2,SUL
Jardim Sônia Regina,JARDIM ANGELA,ZONA SUL 2,SUL
Jardim Soraia,JARDIM ANGELA,ZONA SUL 2,SUL
Jardim Tamoio,JARDIM ANGELA,ZONA SUL 2,SUL
Estancia Tangara,JARDIM ANGELA,ZONA SUL 2,SUL
Jardim Três Estrelas,JARDIM ANGELA,ZONA SUL 2,SUL
Jardim Tupi,JARDIM ANGELA,ZONA SUL 2,SUL
Jardim Turquesa,JARDIM ANGELA,ZONA SUL 2,SUL
Jardim União,JARDIM ANGELA,ZONA SUL 2,SUL
Parque Universitário Espírita,JARDIM ANGELA,ZONA SUL 2,SUL
Jardim Vale Verde,JARDIM ANGELA,ZONA SUL 2,SUL
Jardim Vanda,JARDIM ANGELA,ZONA SUL 2,SUL
Jardim Vera Cruz,JARDIM ANGELA,ZONA SUL 2,SUL
Jardim Viana,JARDIM ANGELA,ZONA SUL 2,SUL
Jardim Alfredo,JARDIM SÃO LUIS,ZONA SUL 2,SUL
Parque Alves de Lima,JARDIM SÃO LUIS,ZONA SUL 2,SUL
Vila Antonieta,JARDIM SÃO LUIS,ZONA SUL 2,SUL
Jardim Bandeirante,JARDIM SÃO LUIS,ZONA SUL 2,SUL
Vila das Belezas,JARDIM SÃO LUIS,ZONA SUL 2,SUL
Jardim Boa Vista,JARDIM SÃO LUIS,ZONA SUL 2,SUL
Vila Brasil,JARDIM SÃO LUIS,ZONA SUL 2,SUL
Jardim Brasília,JARDIM SÃO LUIS,ZONA SUL 2,SUL
Jardim Capelinha,JARDIM SÃO LUIS,ZONA SUL 2,SUL
Jardim Casa Blanca,JARDIM SÃO LUIS,ZONA SUL 2,SUL
Jardim Celeste,JARDIM SÃO LUIS,ZONA SUL 2,SUL
Parque Claudia,JARDIM SÃO LUIS,ZONA SUL 2,SUL
Copacabana,JARDIM SÃO LUIS,ZONA SUL 2,SUL
Jardim Cris,JARDIM SÃO LUIS,ZONA SUL 2,SUL
Jardim Cristália,JARDIM SÃO LUIS,ZONA SUL 2,SUL
Vila Damasceno,JARDIM SÃO LUIS,ZONA SUL 2,SUL
Jardim Dimar,JARDIM SÃO LUIS,ZONA SUL 2,SUL
Jardim Diomar,JARDIM SÃO LUIS,ZONA SUL 2,SUL
Jardim Dulce,JARDIM SÃO LUIS,ZONA SUL 2,SUL
Jardim Duprat,JARDIM SÃO LUIS,ZONA SUL 2,SUL
Jardim Ely,JARDIM SÃO LUIS,ZONA SUL 2,SUL
Jardim Ester,JARDIM SÃO LUIS,ZONA SUL 2,SUL
Parque Europa,JARDIM SÃO LUIS,ZONA SUL 2,SUL
Jardim da Felicidade,JARDIM SÃO LUIS,ZONA SUL 2,SUL
Parque Figueira Grande,JARDIM SÃO LUIS,ZONA SUL 2,SUL
Cidade Fim de Semana,JARDIM SÃO LUIS,ZONA SUL 2,SUL
Jardim das Flores,JARDIM SÃO LUIS,ZONA SUL 2,SUL
Jardim Florida Paulista,JARDIM SÃO LUIS,ZONA SUL 2,SUL
Jardim Guaporé,JARDIM SÃO LUIS,ZONA SUL 2,SUL
Guarapiranga,JARDIM SÃO LUIS,ZONA SUL 2,SUL
Jardim Guarujá,JARDIM SÃO LUIS,ZONA SUL 2,SUL
Jardim Ibirapuera,JARDIM SÃO LUIS,ZONA SUL 2,SUL
Itupu,JARDIM SÃO LUIS,ZONA SUL 2,SUL
Parque Japão,JARDIM SÃO LUIS,ZONA SUL 2,SUL
Jardim Jobar,JARDIM SÃO LUIS,ZONA SUL 2,SUL
Jardim Klein,JARDIM SÃO LUIS,ZONA SUL 2,SUL
Jardim Laranjal,JARDIM SÃO LUIS,ZONA SUL 2,SUL
Vila Leo,JARDIM SÃO LUIS,ZONA SUL 2,SUL
Jardim Letícia,JARDIM SÃO LUIS,ZONA SUL 2,SUL
Jardim Lido,JARDIM SÃO LUIS,ZONA SUL 2,SUL
Jardim Lilia,JARDIM SÃO LUIS,ZONA SUL 2,SUL
Vila Maracanã,JARDIM SÃO LUIS,ZONA SUL 2,SUL
Jardim Maria Isabel,JARDIM SÃO LUIS,ZONA SUL 2,SUL
Jardim Marquesa,JARDIM SÃO LUIS,ZONA SUL 2,SUL
Jardim Mazza,JARDIM SÃO LUIS,ZONA SUL 2,SUL
Jardim Mirante,JARDIM SÃO LUIS,ZONA SUL 2,SUL
Jardim Monte Azul,JARDIM SÃO LUIS,ZONA SUL 2,SUL
Jardim Nagib Salem,JARDIM SÃO LUIS,ZONA SUL 2,SUL
Jardim Nair,JARDIM SÃO LUIS,ZONA SUL 2,SUL
Jardim Neide,JARDIM SÃO LUIS,ZONA SUL 2,SUL
Jardim Nelma,JARDIM SÃO LUIS,ZONA SUL 2,SUL
Jardim Nossa Senhora do Carmo,JARDIM SÃO LUIS,ZONA SUL 2,SUL
Vila Nova das Belezas,JARDIM SÃO LUIS,ZONA SUL 2,SUL
Jardim Novo Santo Amaro,JARDIM SÃO LUIS,ZONA SUL 2,SUL
Vila Olga,JARDIM SÃO LUIS,ZONA SUL 2,SUL
Jardim Oliveira,JARDIM SÃO LUIS,ZONA SUL 2,SUL
Conjunto Residencial Oscarlina,JARDIM SÃO LUIS,ZONA SUL 2,SUL
Parque Paiolzinho,JARDIM SÃO LUIS,ZONA SUL 2,SUL
Vila Palmira,JARDIM SÃO LUIS,ZONA SUL 2,SUL
Recanto Paragon,JARDIM SÃO LUIS,ZONA SUL 2,SUL
Penhinha,JARDIM SÃO LUIS,ZONA SUL 2,SUL
Praia Azul,JARDIM SÃO LUIS,ZONA SUL 2,SUL
Praia Da Lagoa,JARDIM SÃO LUIS,ZONA SUL 2,SUL
Vila Prel,JARDIM SÃO LUIS,ZONA SUL 2,SUL
Riviera Paulista,JARDIM SÃO LUIS,ZONA SUL 2,SUL
Jardim Riviera,JARDIM SÃO LUIS,ZONA SUL 2,SUL
Parque Said Murad,JARDIM SÃO LUIS,ZONA SUL 2,SUL
Jardim Sandra,JARDIM SÃO LUIS,ZONA SUL 2,SUL
Jardim Santa Cecília,JARDIM SÃO LUIS,ZONA SUL 2,SUL
Parque Santa Edwiges,JARDIM SÃO LUIS,ZONA SUL 2,SUL
Jardim Santa Gertrudes,JARDIM SÃO LUIS,ZONA SUL 2,SUL
Jardim Santa Josefina,JARDIM SÃO LUIS,ZONA SUL 2,SUL
Jardim Santa Tereza,JARDIM SÃO LUIS,ZONA SUL 2,SUL
Chácara Santana,JARDIM SÃO LUIS,ZONA SUL 2,SUL
Parque Santo Antonio,JARDIM SÃO LUIS,ZONA SUL 2,SUL
Recanto Santo Antonio,JARDIM SÃO LUIS,ZONA SUL 2,SUL
Jardim São Francisco,JARDIM SÃO LUIS,ZONA SUL 2,SUL
Jardim São João,JARDIM SÃO LUIS,ZONA SUL 2,SUL
Jardim São Joaquim,JARDIM SÃO LUIS,ZONA SUL 2,SUL
Conjunto Habitacional Jardim São Luis 1,JARDIM SÃO LUIS,ZONA SUL 2,SUL
Conjunto Habitacional Jardim São Luis 2,JARDIM SÃO LUIS,ZONA SUL 2,SUL
Conjunto Promorar São Luis,JARDIM SÃO LUIS,ZONA SUL 2,SUL
Jardim São Luis,JARDIM SÃO LUIS,ZONA SUL 2,SUL
Vila São Luis,JARDIM SÃO LUIS,ZONA SUL 2,SUL
Jardim Sônia Marly,JARDIM SÃO LUIS,ZONA SUL 2,SUL
Jardim Souza,JARDIM SÃO LUIS,ZONA SUL 2,SUL
Jardim Tamoio,JARDIM SÃO LUIS,ZONA SUL 2,SUL
Jardim Tapera,JARDIM SÃO LUIS,ZONA SUL 2,SUL
Jardim Tomas,JARDIM SÃO LUIS,ZONA SUL 2,SUL
Chácara Três Caravelas,JARDIM SÃO LUIS,ZONA SUL 2,SUL
Jardim Três Marias,JARDIM SÃO LUIS,ZONA SUL 2,SUL
Jardim Tupã,JARDIM SÃO LUIS,ZONA SUL 2,SUL
Jardim Universal,JARDIM SÃO LUIS,ZONA SUL 2,SUL
Jardim Vale da Ribeira,JARDIM SÃO LUIS,ZONA SUL 2,SUL
Jardim Vanda,JARDIM SÃO LUIS,ZONA SUL 2,SUL
Jardim Vaz de Lima,JARDIM SÃO LUIS,ZONA SUL 2,SUL
Jardim Vergueiro,JARDIM SÃO LUIS,ZONA SUL 2,SUL
Jardim Viana,JARDIM SÃO LUIS,ZONA SUL 2,SUL
Chácara Vista Alegre,JARDIM SÃO LUIS,ZONA SUL 2,SUL
Banhado,MARSILAC,ZONA SUL 2,SUL
Bela Vista,MARSILAC,ZONA SUL 2,SUL
Capivari,MARSILAC,ZONA SUL 2,SUL
Cipó do Meio,MARSILAC,ZONA SUL 2,SUL
Embura,MARSILAC,ZONA SUL 2,SUL
Jardim dos Eucaliptos,MARSILAC,ZONA SUL 2,SUL
Evangelista de Souza,MARSILAC,ZONA SUL 2,SUL
Parque Florestal Paulista,MARSILAC,ZONA SUL 2,SUL
Chácara Galo Azul,MARSILAC,ZONA SUL 2,SUL
Gramado,MARSILAC,ZONA SUL 2,SUL
Parque Internacional,MARSILAC,ZONA SUL 2,SUL
Chácara Itajaá,MARSILAC,ZONA SUL 2,SUL
Mambu,MARSILAC,ZONA SUL 2,SUL
Engenheiro Marsilac,MARSILAC,ZONA SUL 2,SUL
Paiol,MARSILAC,ZONA SUL 2,SUL
Ponte Alta,MARSILAC,ZONA SUL 2,SUL
Jardim Aladim,PARELHEIROS,ZONA SUL 2,SUL
Jardim dos Álamos,PARELHEIROS,ZONA SUL 2,SUL
Rancho Alegre,PARELHEIROS,ZONA SUL 2,SUL
Jardim Alviverde,PARELHEIROS,ZONA SUL 2,SUL
Recanto Ana Maria,PARELHEIROS,ZONA SUL 2,SUL
Chácara Ana,PARELHEIROS,ZONA SUL 2,SUL
Barragem,PARELHEIROS,ZONA SUL 2,SUL
Jardim Bosque do Sol,PARELHEIROS,ZONA SUL 2,SUL
Bairro Caminho do Sítio,PARELHEIROS,ZONA SUL 2,SUL
Jardim Campo Belo,PARELHEIROS,ZONA SUL 2,SUL
Recanto Campo Belo,PARELHEIROS,ZONA SUL 2,SUL
Casa Grande,PARELHEIROS,ZONA SUL 2,SUL
Sítio Casa Grande,PARELHEIROS,ZONA SUL 2,SUL
Centro,PARELHEIROS,ZONA SUL 2,SUL
Jardim do Centro,PARELHEIROS,ZONA SUL 2,SUL
Colônia,PARELHEIROS,ZONA SUL 2,SUL
Colônia da Fepasa,PARELHEIROS,ZONA SUL 2,SUL
Sítio Curucutu,PARELHEIROS,ZONA SUL 2,SUL
Bairro da Encruzilhada,PARELHEIROS,ZONA SUL 2,SUL
Jardim Herpin,PARELHEIROS,ZONA SUL 2,SUL
Vila Esperança,PARELHEIROS,ZONA SUL 2,SUL
Parque Florestal,PARELHEIROS,ZONA SUL 2,SUL
Jardim das Fontes,PARELHEIROS,ZONA SUL 2,SUL
Gentile,PARELHEIROS,ZONA SUL 2,SUL
Vila Isabel,PARELHEIROS,ZONA SUL 2,SUL
Itaim de Parelheiros,PARELHEIROS,ZONA SUL 2,SUL
Jardim Itaim,PARELHEIROS,ZONA SUL 2,SUL
Fazenda Jaceguara,PARELHEIROS,ZONA SUL 2,SUL
Jaceguava,PARELHEIROS,ZONA SUL 2,SUL
Bairro do Jusa,PARELHEIROS,ZONA SUL 2,SUL
Jardim Jussara,PARELHEIROS,ZONA SUL 2,SUL
Chácara Lago Grande,PARELHEIROS,ZONA SUL 2,SUL
Bairro Da Lagoa Grande,PARELHEIROS,ZONA SUL 2,SUL
Parque Lagoa Rica,PARELHEIROS,ZONA SUL 2,SUL
Jardim das Laranjeiras,PARELHEIROS,ZONA SUL 2,SUL
Cidade Luz,PARELHEIROS,ZONA SUL 2,SUL
Vila Marcelo,PARELHEIROS,ZONA SUL 2,SUL
Jardim Maria Amália,PARELHEIROS,ZONA SUL 2,SUL
Parque Maria Borba,PARELHEIROS,ZONA SUL 2,SUL
Parque Maria Fernanda,PARELHEIROS,ZONA SUL 2,SUL
Minor,PARELHEIROS,ZONA SUL 2,SUL
Vila Nova Esperança,PARELHEIROS,ZONA SUL 2,SUL
Jardim Novo Parelheiros,PARELHEIROS,ZONA SUL 2,SUL
Paiol Velho,PARELHEIROS,ZONA SUL 2,SUL
Jardim Palmeiras,PARELHEIROS,ZONA SUL 2,SUL
Recanto do Papai,PARELHEIROS,ZONA SUL 2,SUL
Parada Cinquenta e Sete,PARELHEIROS,ZONA SUL 2,SUL
Parada Colônia Paulista,PARELHEIROS,ZONA SUL 2,SUL
Parelheiros,PARELHEIROS,ZONA SUL 2,SUL
Jardim Paulo Afonso,PARELHEIROS,ZONA SUL 2,SUL
Praia Paulistana,PARELHEIROS,ZONA SUL 2,SUL
Jardim Ramala,PARELHEIROS,ZONA SUL 2,SUL
Vila Roschel,PARELHEIROS,ZONA SUL 2,SUL
Sítio Santa Cecília,PARELHEIROS,ZONA SUL 2,SUL
Jardim Santa Cruz,PARELHEIROS,ZONA SUL 2,SUL
Jardim Santa Fé,PARELHEIROS,ZONA SUL 2,SUL
Parque Santa Fé,PARELHEIROS,ZONA SUL 2,SUL
Jardim Santa Terezinha,PARELHEIROS,ZONA SUL 2,SUL
Chácara Santo Hubertus,PARELHEIROS,ZONA SUL 2,SUL
Bairro São João,PARELHEIROS,ZONA SUL 2,SUL
Jardim São Joaquim,PARELHEIROS,ZONA SUL 2,SUL
Balneário São José,PARELHEIROS,ZONA SUL 2,SUL
Chácara São Silvestre,PARELHEIROS,ZONA SUL 2,SUL
Chácara Schunck,PARELHEIROS,ZONA SUL 2,SUL
Jardim Silveira,PARELHEIROS,ZONA SUL 2,SUL
Sumaré,PARELHEIROS,ZONA SUL 2,SUL
Parque Sumaré,PARELHEIROS,ZONA SUL 2,SUL
Parque do Terceiro Lago,PARELHEIROS,ZONA SUL 2,SUL
Sítio Vale Verde,PARELHEIROS,ZONA SUL 2,SUL
Jardim Vera Cruz,PARELHEIROS,ZONA SUL 2,SUL
Parque Amélia,PEDREIRA,ZONA SUL 2,SUL
Vila dos Andradas,PEDREIRA,ZONA SUL 2,SUL
Vila Aparecida,PEDREIRA,ZONA SUL 2,SUL
Jardim Apurá,PEDREIRA,ZONA SUL 2,SUL
Vila Armindo,PEDREIRA,ZONA SUL 2,SUL
Vila Baby,PEDREIRA,ZONA SUL 2,SUL
Parque Bandeirantes,PEDREIRA,ZONA SUL 2,SUL
Vila Cardoso,PEDREIRA,ZONA SUL 2,SUL
Jardim Célia,PEDREIRA,ZONA SUL 2,SUL
Jardim Clélia,PEDREIRA,ZONA SUL 2,SUL
Jardim Conceição,PEDREIRA,ZONA SUL 2,SUL
Jardim Domitila,PEDREIRA,ZONA SUL 2,SUL
Parque Doroteia,PEDREIRA,ZONA SUL 2,SUL
Eldorado,PEDREIRA,ZONA SUL 2,SUL
Guacuri,PEDREIRA,ZONA SUL 2,SUL
Vila Guacuri,PEDREIRA,ZONA SUL 2,SUL
Ingai,PEDREIRA,ZONA SUL 2,SUL
Balneário Mar Paulista,PEDREIRA,ZONA SUL 2,SUL
Jardim Marisa,PEDREIRA,ZONA SUL 2,SUL
Vila Mineira,PEDREIRA,ZONA SUL 2,SUL
Vila Missionaria,PEDREIRA,ZONA SUL 2,SUL
Jardim Monte Líbano,PEDREIRA,ZONA SUL 2,SUL
Jardim Ofélia,PEDREIRA,ZONA SUL 2,SUL
Jardim Palmares,PEDREIRA,ZONA SUL 2,SUL
Pedreira,PEDREIRA,ZONA SUL 2,SUL
Jardim da Pedreira,PEDREIRA,ZONA SUL 2,SUL
Sítio da Pedreira,PEDREIRA,ZONA SUL 2,SUL
Jardim Piratininga,PEDREIRA,ZONA SUL 2,SUL
Vila Portela,PEDREIRA,ZONA SUL 2,SUL
Praia Leblon,PEDREIRA,ZONA SUL 2,SUL
Parque da Primavera,PEDREIRA,ZONA SUL 2,SUL
Jardim Rubilene,PEDREIRA,ZONA SUL 2,SUL
Parque Santa Amélia,PEDREIRA,ZONA SUL 2,SUL
Jardim Santa Lúcia do Guacuri,PEDREIRA,ZONA SUL 2,SUL
Refúgio,PEDREIRA,ZONA SUL 2,SUL
Jardim Santa Terezinha,PEDREIRA,ZONA SUL 2,SUL
Jardim São Carlos,PEDREIRA,ZONA SUL 2,SUL
Balneário São Francisco,PEDREIRA,ZONA SUL 2,SUL
Jardim Selma,PEDREIRA,ZONA SUL 2,SUL
Sete Praias,PEDREIRA,ZONA SUL 2,SUL
Jardim Zavuvus,PEDREIRA,ZONA SUL 2,SUL
Jardim Abrantes,SANTO AMARO,ZONA SUL 2,SUL
Jardim Alice,SANTO AMARO,ZONA SUL 2,SUL
Vila Almeida,SANTO AMARO,ZONA SUL 2,SUL
Alto da Boa Vista,SANTO AMARO,ZONA SUL 2,SUL
Jardim Bela Vista,SANTO AMARO,ZONA SUL 2,SUL
Vila Campos Sales,SANTO AMARO,ZONA SUL 2,SUL
Vila Caravelas,SANTO AMARO,ZONA SUL 2,SUL
Jardim Cedro do Líbano,SANTO AMARO,ZONA SUL 2,SUL
Jardim Cordeiro,SANTO AMARO,ZONA SUL 2,SUL
Vila do Cruzeiro,SANTO AMARO,ZONA SUL 2,SUL
Jardim Dom Bosco,SANTO AMARO,ZONA SUL 2,SUL
Vila Elvira,SANTO AMARO,ZONA SUL 2,SUL
Jardim Dos Estados,SANTO AMARO,ZONA SUL 2,SUL
Chácara Flora,SANTO AMARO,ZONA SUL 2,SUL
Jardim Florida,SANTO AMARO,ZONA SUL 2,SUL
Conjunto Residencial Glória,SANTO AMARO,ZONA SUL 2,SUL
Granja Julieta,SANTO AMARO,ZONA SUL 2,SUL
Vila Guaianases,SANTO AMARO,ZONA SUL 2,SUL
Jardim Heliomar,SANTO AMARO,ZONA SUL 2,SUL
Vila Henrique,SANTO AMARO,ZONA SUL 2,SUL
Jardim Hípico,SANTO AMARO,ZONA SUL 2,SUL
Vila Internacional,SANTO AMARO,ZONA SUL 2,SUL
Vila Ipé,SANTO AMARO,ZONA SUL 2,SUL
Chácara Japonesa,SANTO AMARO,ZONA SUL 2,SUL
Vila Kostka,SANTO AMARO,ZONA SUL 2,SUL
Jardim Martini,SANTO AMARO,ZONA SUL 2,SUL
Vila Miranda,SANTO AMARO,ZONA SUL 2,SUL
Chácara Monte Alegre,SANTO AMARO,ZONA SUL 2,SUL
Chácara Paineiras,SANTO AMARO,ZONA SUL 2,SUL
Jardim Petrópolis,SANTO AMARO,ZONA SUL 2,SUL
Chacara Pouso Alegre,SANTO AMARO,ZONA SUL 2,SUL
Jardim Promissao,SANTO AMARO,ZONA SUL 2,SUL
Santo Amaro,SANTO AMARO,ZONA SUL 2,SUL
Jardim Santo Amaro,SANTO AMARO,ZONA SUL 2,SUL
Chácara Santo Antonio,SANTO AMARO,ZONA SUL 2,SUL
Jardim Santo Antonio,SANTO AMARO,ZONA SUL 2,SUL
Vila São Francisco,SANTO AMARO,ZONA SUL 2,SUL
Chácara São Luiz,SANTO AMARO,ZONA SUL 2,SUL
Vila União,SANTO AMARO,ZONA SUL 2,SUL
Várzea de Baixo,SANTO AMARO,ZONA SUL 2,SUL
Jardim Várzea de Baixo,SANTO AMARO,ZONA SUL 2,SUL
Jardim Bessa,SOCORRO,ZONA SUL 2,SUL
Vila Califórnia,SOCORRO,ZONA SUL 2,SUL
Capela do Socorro,SOCORRO,ZONA SUL 2,SUL
Jardim Cristina,SOCORRO,ZONA SUL 2,SUL
Vila Franca,SOCORRO,ZONA SUL 2,SUL
Vila Friburgo,SOCORRO,ZONA SUL 2,SUL
Jardim Guarapiranga,SOCORRO,ZONA SUL 2,SUL
Interlagos,SOCORRO,ZONA SUL 2,SUL
Parque Interlagos,SOCORRO,ZONA SUL 2,SUL
Jardim Ipanema,SOCORRO,ZONA SUL 2,SUL
Jardim do Lago,SOCORRO,ZONA SUL 2,SUL
Vila Lisboa,SOCORRO,ZONA SUL 2,SUL
Jardim Mara,SOCORRO,ZONA SUL 2,SUL
Jardim Marabá,SOCORRO,ZONA SUL 2,SUL
Jardim Nova Guarapiranga,SOCORRO,ZONA SUL 2,SUL
Jardim Paquetá,SOCORRO,ZONA SUL 2,SUL
Parque Rony,SOCORRO,ZONA SUL 2,SUL
Jardim Santa Helena,SOCORRO,ZONA SUL 2,SUL
Jardim São Jorge,SOCORRO,ZONA SUL 2,SUL
Jardim São José de Guarapiranga,SOCORRO,ZONA SUL 2,SUL
Socorro,SOCORRO,ZONA SUL 2,SUL
Jardim Socorro,SOCORRO,ZONA SUL 2,SUL
Vila Socorro,SOCORRO,ZONA SUL 2,SUL
Jardim Suzana,SOCORRO,ZONA SUL 2,SUL
Jardim Tereza,SOCORRO,ZONA SUL 2,SUL
Jardim Três Marias,SOCORRO,ZONA SUL 2,SUL
Veleiros,SOCORRO,ZONA SUL 2,SUL
Jardim Veneza,SOCORRO,ZONA SUL 2,SUL
Jardim Ampliação,VILA ANDRADE,ZONA SUL 2,SUL
Vila Anália,VILA ANDRADE,ZONA SUL 2,SUL
Vila Andrade,VILA ANDRADE,ZONA SUL 2,SUL
Jardim Bronzato,VILA ANDRADE,ZONA SUL 2,SUL
Vila Carioca,VILA ANDRADE,ZONA SUL 2,SUL
Jardim do Colégio,VILA ANDRADE,ZONA SUL 2,SUL
Vila Ernesto,VILA ANDRADE,ZONA SUL 2,SUL
Jardim Eunice,VILA ANDRADE,ZONA SUL 2,SUL
Jardim Fonte do Morumbi,VILA ANDRADE,ZONA SUL 2,SUL
Jardim Helena,VILA ANDRADE,ZONA SUL 2,SUL
Jardim Morumbi,VILA ANDRADE,ZONA SUL 2,SUL
Parque Bairro Morumbi,VILA ANDRADE,ZONA SUL 2,SUL
Parque do Morumbi,VILA ANDRADE,ZONA SUL 2,SUL
Jardim Novo Taboão,VILA ANDRADE,ZONA SUL 2,SUL
Jardim das Palmas,VILA ANDRADE,ZONA SUL 2,SUL
Paraíso do Morumbi,VILA ANDRADE,ZONA SUL 2,SUL
Paraisópolis,VILA ANDRADE,ZONA SUL 2,SUL
Vila Pires,VILA ANDRADE,ZONA SUL 2,SUL
Vila Plana,VILA ANDRADE,ZONA SUL 2,SUL
Vila Praia,VILA ANDRADE,ZONA SUL 2,SUL
Jardim Recanto do Morumbi,VILA ANDRADE,ZONA SUL 2,SUL
Jardim Santo Antonio,VILA ANDRADE,ZONA SUL 2,SUL
Vila Suzana,VILA ANDRADE,ZONA SUL 2,SUL
Vila Teixeira,VILA ANDRADE,ZONA SUL 2,SUL
Jardim Tereza Rosa,VILA ANDRADE,ZONA SUL 2,SUL
Jardim Vitória Régia,VILA ANDRADE,ZONA SUL 2,SUL
Bela Vista,BELA VISTA,,CENTRAL
Bixiga,BELA VISTA,,CENTRAL
Cerqueira Cesar,BELA VISTA,,CENTRAL
Morro Dos Ingleses,BELA VISTA,,CENTRAL
ParaÍso,BELA VISTA,,CENTRAL
Bom Retiro,BOM RETIRO,,CENTRAL
Luz,BOM RETIRO,,CENTRAL
Ponte Grande,BOM RETIRO,,CENTRAL
Ponte Pequena,BOM RETIRO,,CENTRAL
Brás,BRÁS,,CENTRAL
Roosevelt (Cbtu),BRÁS,,CENTRAL
Cambuci,CAMBUCI,,CENTRAL
Vila Deodoro,CAMBUCI,,CENTRAL
Morro da Pólvora,CAMBUCI,,CENTRAL
Várzea do Glicério,CAMBUCI,,CENTRAL
Vila Buarque,CONSOLAÇÃO,,CENTRAL
Cerqueira Cesar,CONSOLAÇÃO,,CENTRAL
Consolação,CONSOLAÇÃO,,CENTRAL
Higienópolis,CONSOLAÇÃO,,CENTRAL
Pacaembu,CONSOLAÇÃO,,CENTRAL
Aclimação,LIBERDADE,,CENTRAL
Morro da Aclimação,LIBERDADE,,CENTRAL
Bairro do Glicério,LIBERDADE,,CENTRAL
Liberdade,LIBERDADE,,CENTRAL
Paraíso,LIBERDADE,,CENTRAL
Várzea do Glicério,LIBERDADE,,CENTRAL
Canindé,PARI,,CENTRAL
Pari,PARI,,CENTRAL
Anhangabaú,REPÚBLICA,,CENTRAL
Vila Buarque,REPÚBLICA,,CENTRAL
República,REPÚBLICA,,CENTRAL
Santa Efigênia,REPÚBLICA,,CENTRAL
Barra Funda,SANTA CECÍLIA,,CENTRAL
Campos Elíseos,SANTA CECÍLIA,,CENTRAL
Luz,SANTA CECÍLIA,,CENTRAL
Santa Cecília,SANTA CECÍLIA,,CENTRAL
Várzea da Barra Funda,SANTA CECÍLIA,,CENTRAL
Anhangabaú,SÉ,,CENTRAL
Parque Dom Pedro 1º,SÉ,,CENTRAL
Mercado,SÉ,,CENTRAL
Sé,SÉ,,CENTRAL
Água Rasa,ÁGUA RASA,ZONA LESTE 1,LESTE
Alto Da Mooca,ÁGUA RASA,ZONA LESTE 1,LESTE
Vila Bertioga,ÁGUA RASA,ZONA LESTE 1,LESTE
Vila Canero,ÁGUA RASA,ZONA LESTE 1,LESTE
Vila Celeste,ÁGUA RASA,ZONA LESTE 1,LESTE
Vila Claudia,ÁGUA RASA,ZONA LESTE 1,LESTE
Vila Clotilde,ÁGUA RASA,ZONA LESTE 1,LESTE
Vila Diva,ÁGUA RASA,ZONA LESTE 1,LESTE
Vila Formosa,ÁGUA RASA,ZONA LESTE 1,LESTE
Vila Graciosa,ÁGUA RASA,ZONA LESTE 1,LESTE
Jardim Guanabara,ÁGUA RASA,ZONA LESTE 1,LESTE
Vila Haddad,ÁGUA RASA,ZONA LESTE 1,LESTE
Vila Invernada,ÁGUA RASA,ZONA LESTE 1,LESTE
Jardim Itália,ÁGUA RASA,ZONA LESTE 1,LESTE
Vila Leme,ÁGUA RASA,ZONA LESTE 1,LESTE
Vila Libanesa,ÁGUA RASA,ZONA LESTE 1,LESTE
Vila Lúcia Elvira,ÁGUA RASA,ZONA LESTE 1,LESTE
Chácara Mafalda,ÁGUA RASA,ZONA LESTE 1,LESTE
Vila Oratório,ÁGUA RASA,ZONA LESTE 1,LESTE
Chácara Paraíso,ÁGUA RASA,ZONA LESTE 1,LESTE
Vila Paulina,ÁGUA RASA,ZONA LESTE 1,LESTE
Vila Regente Feijó,ÁGUA RASA,ZONA LESTE 1,LESTE
Vila Rio Branco,ÁGUA RASA,ZONA LESTE 1,LESTE
Vila Santa Clara,ÁGUA RASA,ZONA LESTE 1,LESTE
Jardim Santa Rita,ÁGUA RASA,ZONA LESTE 1,LESTE
Parque Sevilha,ÁGUA RASA,ZONA LESTE 1,LESTE
Jardim Silveira,ÁGUA RASA,ZONA LESTE 1,LESTE
Vila Alzira,ARICANDUVA,ZONA LESTE 1,LESTE
Vila Antonieta,ARICANDUVA,ZONA LESTE 1,LESTE
Aricanduva,ARICANDUVA,ZONA LESTE 1,LESTE
Jardim Aricanduva,ARICANDUVA,ZONA LESTE 1,LESTE
Conjunto Habitacional Barreira Grande,ARICANDUVA,ZONA LESTE 1,LESTE
Jardim Caguacú,ARICANDUVA,ZONA LESTE 1,LESTE
Jardim Catarina,ARICANDUVA,ZONA LESTE 1,LESTE
Jardim Cotching,ARICANDUVA,ZONA LESTE 1,LESTE
Vila Embira,ARICANDUVA,ZONA LESTE 1,LESTE
Vila Falconi,ARICANDUVA,ZONA LESTE 1,LESTE
Jardim Vila Formosa,ARICANDUVA,ZONA LESTE 1,LESTE
Jardim Galli,ARICANDUVA,ZONA LESTE 1,LESTE
Jardim Guannan,ARICANDUVA,ZONA LESTE 1,LESTE
Jardim Haia Do Carrao,ARICANDUVA,ZONA LESTE 1,LESTE
Jardim Iva,ARICANDUVA,ZONA LESTE 1,LESTE
Jardim Maria Luiza,ARICANDUVA,ZONA LESTE 1,LESTE
Jardim Maringá,ARICANDUVA,ZONA LESTE 1,LESTE
Jardim Nice,ARICANDUVA,ZONA LESTE 1,LESTE
Jardim Nova Carrão,ARICANDUVA,ZONA LESTE 1,LESTE
Vila Nova York,ARICANDUVA,ZONA LESTE 1,LESTE
Jardim Porteira Grande,ARICANDUVA,ZONA LESTE 1,LESTE
Cidade Quarto Centenário,ARICANDUVA,ZONA LESTE 1,LESTE
Jardim Record,ARICANDUVA,ZONA LESTE 1,LESTE
Vila Rica,ARICANDUVA,ZONA LESTE 1,LESTE
Jardim das Rosas,ARICANDUVA,ZONA LESTE 1,LESTE
Jardim Santa Maria,ARICANDUVA,ZONA LESTE 1,LESTE
Vila Santa Rita,ARICANDUVA,ZONA LESTE 1,LESTE
Parque Santo Antônio,ARICANDUVA,ZONA LESTE 1,LESTE
Jardim Santo Eduardo,ARICANDUVA,ZONA LESTE 1,LESTE
Vila Sara,ARICANDUVA,ZONA LESTE 1,LESTE
Jardim Tango,ARICANDUVA,ZONA LESTE 1,LESTE
Cidade A.E.Carvalho,ARTUR ALVIM,ZONA LESTE 1,LESTE
Artur Alvim,ARTUR ALVIM,ZONA LESTE 1,LESTE
Jardim Artur Alvim,ARTUR ALVIM,ZONA LESTE 1,LESTE
Parque Artur Alvim,ARTUR ALVIM,ZONA LESTE 1,LESTE
Parque Bela Vista,ARTUR ALVIM,ZONA LESTE 1,LESTE
Jardim Brasil,ARTUR ALVIM,ZONA LESTE 1,LESTE
Vila Campanela,ARTUR ALVIM,ZONA LESTE 1,LESTE
Jardim Cardoso,ARTUR ALVIM,ZONA LESTE 1,LESTE
Jardim Coimbra,ARTUR ALVIM,ZONA LESTE 1,LESTE
Jardim Marina,ARTUR ALVIM,ZONA LESTE 1,LESTE
Vila Nhocuné,ARTUR ALVIM,ZONA LESTE 1,LESTE
Jardim Nordeste,ARTUR ALVIM,ZONA LESTE 1,LESTE
Jardim Olímpia,ARTUR ALVIM,ZONA LESTE 1,LESTE
Conjunto Habitacional Padre Jose De Anchieta,ARTUR ALVIM,ZONA LESTE 1,LESTE
Conjunto Residencial Padre Manuel Da Nobrega,ARTUR ALVIM,ZONA LESTE 1,LESTE
Conjunto Habitacional Padre Manuel De Paiva,ARTUR ALVIM,ZONA LESTE 1,LESTE
Parque Das Paineiras,ARTUR ALVIM,ZONA LESTE 1,LESTE
Conjunto Perola,ARTUR ALVIM,ZONA LESTE 1,LESTE
Vila Santa Tereza,ARTUR ALVIM,ZONA LESTE 1,LESTE
Jardim São Jose,ARTUR ALVIM,ZONA LESTE 1,LESTE
Jardim São Nicolau,ARTUR ALVIM,ZONA LESTE 1,LESTE
Belém,BELÉM,ZONA LESTE 1,LESTE
Belenzinho,BELÉM,ZONA LESTE 1,LESTE
Catumbi,BELÉM,ZONA LESTE 1,LESTE
Quarta Parada,BELÉM,ZONA LESTE 1,LESTE
Chácara Tatuapé,BELÉM,ZONA LESTE 1,LESTE
Vila Antenor,CANGAÍBA,ZONA LESTE 1,LESTE
Vila Araguaia,CANGAÍBA,ZONA LESTE 1,LESTE
Jardim Arizona,CANGAÍBA,ZONA LESTE 1,LESTE
Vila Belo Horizonte,CANGAÍBA,ZONA LESTE 1,LESTE
Vila Brasil,CANGAÍBA,ZONA LESTE 1,LESTE
Vila Buenos Aires,CANGAÍBA,ZONA LESTE 1,LESTE
Cangaíba,CANGAÍBA,ZONA LESTE 1,LESTE
Jardim Cangaíba,CANGAÍBA,ZONA LESTE 1,LESTE
Jardim do Castelo,CANGAÍBA,ZONA LESTE 1,LESTE
Chácara Cruzeiro do Sul,CANGAÍBA,ZONA LESTE 1,LESTE
Jardim Danfer,CANGAÍBA,ZONA LESTE 1,LESTE
Vila Dom Duarte Leopoldo,CANGAÍBA,ZONA LESTE 1,LESTE
Vila Fernando,CANGAÍBA,ZONA LESTE 1,LESTE
Jardim Flavio,CANGAÍBA,ZONA LESTE 1,LESTE
Vila Franci,CANGAÍBA,ZONA LESTE 1,LESTE
Jardim Gondolo,CANGAÍBA,ZONA LESTE 1,LESTE
Jardim Gonzaga,CANGAÍBA,ZONA LESTE 1,LESTE
Engenheiro Goulart,CANGAÍBA,ZONA LESTE 1,LESTE
Vila Hilda,CANGAÍBA,ZONA LESTE 1,LESTE
Jardim Janilópolis,CANGAÍBA,ZONA LESTE 1,LESTE
Jardim Jaú,CANGAÍBA,ZONA LESTE 1,LESTE
Vila Libanesa,CANGAÍBA,ZONA LESTE 1,LESTE
Parque Líbano,CANGAÍBA,ZONA LESTE 1,LESTE
Vila Londrina,CANGAÍBA,ZONA LESTE 1,LESTE
Jardim de Lorenzo,CANGAÍBA,ZONA LESTE 1,LESTE
Vila Mauad,CANGAÍBA,ZONA LESTE 1,LESTE
Vila Mesquita,CANGAÍBA,ZONA LESTE 1,LESTE
Jardim Otília,CANGAÍBA,ZONA LESTE 1,LESTE
Jardim Paulistânia,CANGAÍBA,ZONA LESTE 1,LESTE
Jardim Penha,CANGAÍBA,ZONA LESTE 1,LESTE
Vila Penteado,CANGAÍBA,ZONA LESTE 1,LESTE
Vila Pierina,CANGAÍBA,ZONA LESTE 1,LESTE
Jardim Piratininga,CANGAÍBA,ZONA LESTE 1,LESTE
Vila Rica,CANGAÍBA,ZONA LESTE 1,LESTE
Vila Rufino,CANGAÍBA,ZONA LESTE 1,LESTE
Vila Rui Barbosa,CANGAÍBA,ZONA LESTE 1,LESTE
Chácara Santo Antonio,CANGAÍBA,ZONA LESTE 1,LESTE
Vila Santo Henrique,CANGAÍBA,ZONA LESTE 1,LESTE
Jardim Santo Onofre,CANGAÍBA,ZONA LESTE 1,LESTE
Jardim São Francisco,CANGAÍBA,ZONA LESTE 1,LESTE
Vila São Jorge,CANGAÍBA,ZONA LESTE 1,LESTE
Vila Sartori,CANGAÍBA,ZONA LESTE 1,LESTE
Cohab Vila Silvia,CANGAÍBA,ZONA LESTE 1,LESTE
Vila Silvia,CANGAÍBA,ZONA LESTE 1,LESTE
Vila Buenos Aires,CANGAÍBA,ZONA LESTE 1,LESTE
Vila Antonina,CARRÃO,ZONA LESTE 1,LESTE
ChÁcara Califórnia,CARRÃO,ZONA LESTE 1,LESTE
Vila Carrão,CARRÃO,ZONA LESTE 1,LESTE
Carrãozinho,CARRÃO,ZONA LESTE 1,LESTE
Vila Fernandes,CARRÃO,ZONA LESTE 1,LESTE
Parque Maria Luiza,CARRÃO,ZONA LESTE 1,LESTE
Vila Nova Manchester,CARRÃO,ZONA LESTE 1,LESTE
Vila Santa Isabel,CARRÃO,ZONA LESTE 1,LESTE
Chácara Santo Antônio,CARRÃO,ZONA LESTE 1,LESTE
Vila Santo Estevam,CARRÃO,ZONA LESTE 1,LESTE
Vila São Vicente,CARRÃO,ZONA LESTE 1,LESTE
Jardim Têxtil,CARRÃO,ZONA LESTE 1,LESTE
Hipódromo,MOOCA,ZONA LESTE 1,LESTE
Mooca,MOOCA,ZONA LESTE 1,LESTE
Parque da Mooca,MOOCA,ZONA LESTE 1,LESTE
Jardim America da Penha,PENHA,ZONA LESTE 1,LESTE
Vila Beatriz,PENHA,ZONA LESTE 1,LESTE
Vila Carlos de Campos,PENHA,ZONA LESTE 1,LESTE
Vila Centenário,PENHA,ZONA LESTE 1,LESTE
Jardim Concórdia,PENHA,ZONA LESTE 1,LESTE
Parque Eduardo,PENHA,ZONA LESTE 1,LESTE
Vila Esperança,PENHA,ZONA LESTE 1,LESTE
Vila Eugênio,PENHA,ZONA LESTE 1,LESTE
Vila Feliz,PENHA,ZONA LESTE 1,LESTE
Vila Germaine,PENHA,ZONA LESTE 1,LESTE
Vila Granada,PENHA,ZONA LESTE 1,LESTE
Guaiauna,PENHA,ZONA LESTE 1,LESTE
Jardim Jaú,PENHA,ZONA LESTE 1,LESTE
Vila Lais,PENHA,ZONA LESTE 1,LESTE
Jardim Lisboa,PENHA,ZONA LESTE 1,LESTE
Vila Maluf,PENHA,ZONA LESTE 1,LESTE
Vila Maria Amália,PENHA,ZONA LESTE 1,LESTE
Vila Marieta,PENHA,ZONA LESTE 1,LESTE
Jardim do Norte,PENHA,ZONA LESTE 1,LESTE
Vila Nova Granada,PENHA,ZONA LESTE 1,LESTE
Vila Olívia,PENHA,ZONA LESTE 1,LESTE
Jardim Paula,PENHA,ZONA LESTE 1,LESTE
Penha,PENHA,ZONA LESTE 1,LESTE
Penha de França,PENHA,ZONA LESTE 1,LESTE
Chácara da Penha,PENHA,ZONA LESTE 1,LESTE
Vila Ré,PENHA,ZONA LESTE 1,LESTE
Vila Salete,PENHA,ZONA LESTE 1,LESTE
Vila Santana,PENHA,ZONA LESTE 1,LESTE
Vila Santo Antonio,PENHA,ZONA LESTE 1,LESTE
Vila São Geraldo,PENHA,ZONA LESTE 1,LESTE
Engenheiro Trindade,PENHA,ZONA LESTE 1,LESTE
Vila Vera,PENHA,ZONA LESTE 1,LESTE
Vila Vidal,PENHA,ZONA LESTE 1,LESTE
PONTE RASA,PENHA,ZONA LESTE 1,LESTE
Vila Bauab,PENHA,ZONA LESTE 1,LESTE
Vila Buenos Aires,PENHA,ZONA LESTE 1,LESTE
Burgo Paulista,PENHA,ZONA LESTE 1,LESTE
Vila Caju,PENHA,ZONA LESTE 1,LESTE
Vila Constança,PENHA,ZONA LESTE 1,LESTE
Vila Costa Melo,PENHA,ZONA LESTE 1,LESTE
Jardim Cotinha,PENHA,ZONA LESTE 1,LESTE
Vila Domitila,PENHA,ZONA LESTE 1,LESTE
Vila Fidelis Ribeiro,PENHA,ZONA LESTE 1,LESTE
Jardim Fonte São Miguel,PENHA,ZONA LESTE 1,LESTE
Vila Frugolli,PENHA,ZONA LESTE 1,LESTE
Conjunto Residencial Gonzaga,PENHA,ZONA LESTE 1,LESTE
Vila Da Imprensa,PENHA,ZONA LESTE 1,LESTE
Jardim Laone,PENHA,ZONA LESTE 1,LESTE
Jardim Lisboa,PENHA,ZONA LESTE 1,LESTE
Jardim Metropolitano,PENHA,ZONA LESTE 1,LESTE
Vila Mirim,PENHA,ZONA LESTE 1,LESTE
Vila Montevideo,PENHA,ZONA LESTE 1,LESTE
Jardim Nicolau,PENHA,ZONA LESTE 1,LESTE
Vila Odete,PENHA,ZONA LESTE 1,LESTE
Jardim Paula,PENHA,ZONA LESTE 1,LESTE
Ponte Rasa,PENHA,ZONA LESTE 1,LESTE
Jardim Ponte Rasa,PENHA,ZONA LESTE 1,LESTE
Jardim Popular,PENHA,ZONA LESTE 1,LESTE
Vila Praia,PENHA,ZONA LESTE 1,LESTE
Vila Prima,PENHA,ZONA LESTE 1,LESTE
Jardim Recreio,PENHA,ZONA LESTE 1,LESTE
Vila Ribeiro dos Santos,PENHA,ZONA LESTE 1,LESTE
Vila Rio Branco,PENHA,ZONA LESTE 1,LESTE
Vila Sampaio,PENHA,ZONA LESTE 1,LESTE
Vila Santa Lúcia,PENHA,ZONA LESTE 1,LESTE
Jardim Santo Onofre,PENHA,ZONA LESTE 1,LESTE
Vila São Francisco,PENHA,ZONA LESTE 1,LESTE
Jardim São Nicolau,PENHA,ZONA LESTE 1,LESTE
Jardim Soraia,PENHA,ZONA LESTE 1,LESTE
Jardim Três Marias,PENHA,ZONA LESTE 1,LESTE
Vila União,PENHA,ZONA LESTE 1,LESTE
Vila Alzira,SÃO LUCAS,ZONA LESTE 1,LESTE
Vila Amadeu,SÃO LUCAS,ZONA LESTE 1,LESTE
Vila Ana Clara,SÃO LUCAS,ZONA LESTE 1,LESTE
Jardim Ana Rosa,SÃO LUCAS,ZONA LESTE 1,LESTE
Vila Anadir,SÃO LUCAS,ZONA LESTE 1,LESTE
Vila Angelina,SÃO LUCAS,ZONA LESTE 1,LESTE
Vila Arlindo,SÃO LUCAS,ZONA LESTE 1,LESTE
Conjunto Habitacional Camilópolis,SÃO LUCAS,ZONA LESTE 1,LESTE
Vila Carmem,SÃO LUCAS,ZONA LESTE 1,LESTE
Vila Central,SÃO LUCAS,ZONA LESTE 1,LESTE
Vila Charlot,SÃO LUCAS,ZONA LESTE 1,LESTE
Vila Cleonice,SÃO LUCAS,ZONA LESTE 1,LESTE
Cidade Continental,SÃO LUCAS,ZONA LESTE 1,LESTE
Vila Cunha Bueno,SÃO LUCAS,ZONA LESTE 1,LESTE
Vila Darli,SÃO LUCAS,ZONA LESTE 1,LESTE
Jardim Dias,SÃO LUCAS,ZONA LESTE 1,LESTE
Vila Divina Pastora,SÃO LUCAS,ZONA LESTE 1,LESTE
Vila Else,SÃO LUCAS,ZONA LESTE 1,LESTE
Vila Ema,SÃO LUCAS,ZONA LESTE 1,LESTE
Jardim da Figueira,SÃO LUCAS,ZONA LESTE 1,LESTE
Vila Florinda,SÃO LUCAS,ZONA LESTE 1,LESTE
Jardim Guairacá,SÃO LUCAS,ZONA LESTE 1,LESTE
Jardim Guiomar,SÃO LUCAS,ZONA LESTE 1,LESTE
Vila Heloisa,SÃO LUCAS,ZONA LESTE 1,LESTE
Vila I.V.G.,SÃO LUCAS,ZONA LESTE 1,LESTE
Vila Iguaçu,SÃO LUCAS,ZONA LESTE 1,LESTE
Jardim Independência,SÃO LUCAS,ZONA LESTE 1,LESTE
Vila Industrial,SÃO LUCAS,ZONA LESTE 1,LESTE
Vila Ivone,SÃO LUCAS,ZONA LESTE 1,LESTE
Vila Jose Moreira,SÃO LUCAS,ZONA LESTE 1,LESTE
Vila Lavinia,SÃO LUCAS,ZONA LESTE 1,LESTE
Vila Macedópolis,SÃO LUCAS,ZONA LESTE 1,LESTE
Vila Margarida,SÃO LUCAS,ZONA LESTE 1,LESTE
Vila Mendes,SÃO LUCAS,ZONA LESTE 1,LESTE
Vila Mercedes,SÃO LUCAS,ZONA LESTE 1,LESTE
Vila Merly,SÃO LUCAS,ZONA LESTE 1,LESTE
Jardim Miami,SÃO LUCAS,ZONA LESTE 1,LESTE
Vila Mirtes,SÃO LUCAS,ZONA LESTE 1,LESTE
Vila Moca,SÃO LUCAS,ZONA LESTE 1,LESTE
Vila Moderna,SÃO LUCAS,ZONA LESTE 1,LESTE
Vila Nair,SÃO LUCAS,ZONA LESTE 1,LESTE
Vila Norma,SÃO LUCAS,ZONA LESTE 1,LESTE
Vila Nova Paulicéia,SÃO LUCAS,ZONA LESTE 1,LESTE
Vila Nova Utinga,SÃO LUCAS,ZONA LESTE 1,LESTE
Pq Resesidencial Oratório,SÃO LUCAS,ZONA LESTE 1,LESTE
Jardim Panorama,SÃO LUCAS,ZONA LESTE 1,LESTE
Vila Paulo Silas,SÃO LUCAS,ZONA LESTE 1,LESTE
Parque Andre Pereira,SÃO LUCAS,ZONA LESTE 1,LESTE
Sitio Pinheirinho,SÃO LUCAS,ZONA LESTE 1,LESTE
Vila Raquel,SÃO LUCAS,ZONA LESTE 1,LESTE
Jardim Redenção,SÃO LUCAS,ZONA LESTE 1,LESTE
Vila Rosa,SÃO LUCAS,ZONA LESTE 1,LESTE
Jardim Rosicler,SÃO LUCAS,ZONA LESTE 1,LESTE
Vila Santa Virginia,SÃO LUCAS,ZONA LESTE 1,LESTE
Vila Santo Antonio,SÃO LUCAS,ZONA LESTE 1,LESTE
Vila São Domingos,SÃO LUCAS,ZONA LESTE 1,LESTE
Parque Sao Lucas,SÃO LUCAS,ZONA LESTE 1,LESTE
Vila São Nicolau,SÃO LUCAS,ZONA LESTE 1,LESTE
Jardim Silveira,SÃO LUCAS,ZONA LESTE 1,LESTE
Jardim Sofia,SÃO LUCAS,ZONA LESTE 1,LESTE
Jardim Tereza,SÃO LUCAS,ZONA LESTE 1,LESTE
Jardim Théalia,SÃO LUCAS,ZONA LESTE 1,LESTE
Parque Tomas Saraiva,SÃO LUCAS,ZONA LESTE 1,LESTE
Jardim Adutora,SAPOPEMBA,ZONA LESTE 1,LESTE
Vila Alzira,SAPOPEMBA,ZONA LESTE 1,LESTE
Jardim Amaro,SAPOPEMBA,ZONA LESTE 1,LESTE
Jardim Ana Rosa,SAPOPEMBA,ZONA LESTE 1,LESTE
Jardim Ângela,SAPOPEMBA,ZONA LESTE 1,LESTE
Vila Bancaria,SAPOPEMBA,ZONA LESTE 1,LESTE
Parque Bancário,SAPOPEMBA,ZONA LESTE 1,LESTE
Vila Barreira Grande,SAPOPEMBA,ZONA LESTE 1,LESTE
Vila Brasil,SAPOPEMBA,ZONA LESTE 1,LESTE
Vila Cardoso Franco,SAPOPEMBA,ZONA LESTE 1,LESTE
Jardim Clara Regina,SAPOPEMBA,ZONA LESTE 1,LESTE
Vila Cleonice,SAPOPEMBA,ZONA LESTE 1,LESTE
Jardim Colorado,SAPOPEMBA,ZONA LESTE 1,LESTE
Jardim Dona Sinha,SAPOPEMBA,ZONA LESTE 1,LESTE
Jardim Elba,SAPOPEMBA,ZONA LESTE 1,LESTE
Vila Embira,SAPOPEMBA,ZONA LESTE 1,LESTE
Vila Ester,SAPOPEMBA,ZONA LESTE 1,LESTE
Vila Fátima,SAPOPEMBA,ZONA LESTE 1,LESTE
Jardim Grimaldi,SAPOPEMBA,ZONA LESTE 1,LESTE
Jardim Guiomar,SAPOPEMBA,ZONA LESTE 1,LESTE
Vila Gustavo,SAPOPEMBA,ZONA LESTE 1,LESTE
Vila Heloisa,SAPOPEMBA,ZONA LESTE 1,LESTE
Jardim Iguaçu,SAPOPEMBA,ZONA LESTE 1,LESTE
Jardim Iva,SAPOPEMBA,ZONA LESTE 1,LESTE
Jardim Ivone,SAPOPEMBA,ZONA LESTE 1,LESTE
Vila Julio,SAPOPEMBA,ZONA LESTE 1,LESTE
Conjunto Habitacional Juta,SAPOPEMBA,ZONA LESTE 1,LESTE
Lar Nacional,SAPOPEMBA,ZONA LESTE 1,LESTE
Jardim Lourenço,SAPOPEMBA,ZONA LESTE 1,LESTE
Parque Luiz Mucciolo,SAPOPEMBA,ZONA LESTE 1,LESTE
Vila Luso Brasileira,SAPOPEMBA,ZONA LESTE 1,LESTE
Jardim Luzitano,SAPOPEMBA,ZONA LESTE 1,LESTE
Conjunto Habitacional Mal Mascarenhas De Moraes,SAPOPEMBA,ZONA LESTE 1,LESTE
Jardim Mimar,SAPOPEMBA,ZONA LESTE 1,LESTE
Vila Moderna,SAPOPEMBA,ZONA LESTE 1,LESTE
Vila Nova,SAPOPEMBA,ZONA LESTE 1,LESTE
Cj Res Oratório 2,SAPOPEMBA,ZONA LESTE 1,LESTE
Vila Orlando,SAPOPEMBA,ZONA LESTE 1,LESTE
Jardim Paraguaçu,SAPOPEMBA,ZONA LESTE 1,LESTE
Jardim Planalto,SAPOPEMBA,ZONA LESTE 1,LESTE
Jardim Porteira Grande,SAPOPEMBA,ZONA LESTE 1,LESTE
Vila Portuguesa,SAPOPEMBA,ZONA LESTE 1,LESTE
Vila Primavera,SAPOPEMBA,ZONA LESTE 1,LESTE
Jardim Colorado,SAPOPEMBA,ZONA LESTE 1,LESTE
Vila Renato,SAPOPEMBA,ZONA LESTE 1,LESTE
Parque Santa Madalena,SAPOPEMBA,ZONA LESTE 1,LESTE
Jardim São Lourenço,SAPOPEMBA,ZONA LESTE 1,LESTE
Jardim São Roberto,SAPOPEMBA,ZONA LESTE 1,LESTE
Sapopemba,SAPOPEMBA,ZONA LESTE 1,LESTE
Conjunto Promorar Sapopemba,SAPOPEMBA,ZONA LESTE 1,LESTE
Jardim Sapopemba,SAPOPEMBA,ZONA LESTE 1,LESTE
Vila Sirene,SAPOPEMBA,ZONA LESTE 1,LESTE
Jardim Soares,SAPOPEMBA,ZONA LESTE 1,LESTE
Conjunto Residencial Teotônio Vilela,SAPOPEMBA,ZONA LESTE 1,LESTE
Vila Tolstói,SAPOPEMBA,ZONA LESTE 1,LESTE
Vila União,SAPOPEMBA,ZONA LESTE 1,LESTE
Jardim Valquíria,SAPOPEMBA,ZONA LESTE 1,LESTE
Vila Virginia,SAPOPEMBA,ZONA LESTE 1,LESTE
Vila Azevedo,TATUAPÉ,ZONA LESTE 1,LESTE
Vila Brasil,TATUAPÉ,ZONA LESTE 1,LESTE
Chácara Califórnia,TATUAPÉ,ZONA LESTE 1,LESTE
Vila Gomes Cardim,TATUAPÉ,ZONA LESTE 1,LESTE
Vila Luisa,TATUAPÉ,ZONA LESTE 1,LESTE
Vila Luzitana,TATUAPÉ,ZONA LESTE 1,LESTE
Cidade Mãe do Ceu,TATUAPÉ,ZONA LESTE 1,LESTE
Chácara Maranhão,TATUAPÉ,ZONA LESTE 1,LESTE
Vila Moreira,TATUAPÉ,ZONA LESTE 1,LESTE
Jardim Nalice,TATUAPÉ,ZONA LESTE 1,LESTE
Chácara Paraíso,TATUAPÉ,ZONA LESTE 1,LESTE
Chácara do Piqueri,TATUAPÉ,ZONA LESTE 1,LESTE
Parque São Jorge,TATUAPÉ,ZONA LESTE 1,LESTE
Tatuapé,TATUAPÉ,ZONA LESTE 1,LESTE
Jardim Textilia,TATUAPÉ,ZONA LESTE 1,LESTE
Vila Zilda,TATUAPÉ,ZONA LESTE 1,LESTE
Jardim Anália Franco,VILA FORMOSA,ZONA LESTE 1,LESTE
Vila Antonina,VILA FORMOSA,ZONA LESTE 1,LESTE
Vila Araci,VILA FORMOSA,ZONA LESTE 1,LESTE
Chácara Belenzinho,VILA FORMOSA,ZONA LESTE 1,LESTE
Capão do Embira,VILA FORMOSA,ZONA LESTE 1,LESTE
Parque Cruzeiro do Sul,VILA FORMOSA,ZONA LESTE 1,LESTE
Vila Cruzeiro,VILA FORMOSA,ZONA LESTE 1,LESTE
Vila Embira,VILA FORMOSA,ZONA LESTE 1,LESTE
Vila Formosa,VILA FORMOSA,ZONA LESTE 1,LESTE
Jardim Galli,VILA FORMOSA,ZONA LESTE 1,LESTE
Vila Guarani,VILA FORMOSA,ZONA LESTE 1,LESTE
Jardim Iara,VILA FORMOSA,ZONA LESTE 1,LESTE
Vila Iraci,VILA FORMOSA,ZONA LESTE 1,LESTE
Vila Mafra,VILA FORMOSA,ZONA LESTE 1,LESTE
Jardim Maringá,VILA FORMOSA,ZONA LESTE 1,LESTE
Vila Matias,VILA FORMOSA,ZONA LESTE 1,LESTE
Vila Olinda,VILA FORMOSA,ZONA LESTE 1,LESTE
Jardim Piquerobi,VILA FORMOSA,ZONA LESTE 1,LESTE
Parque Santo Antônio,VILA FORMOSA,ZONA LESTE 1,LESTE
Jardim Santo Eduardo,VILA FORMOSA,ZONA LESTE 1,LESTE
Jardim Têxtil,VILA FORMOSA,ZONA LESTE 1,LESTE
Jardim Thealia,VILA FORMOSA,ZONA LESTE 1,LESTE
Vila Aricanduva,VILA MATILDE,ZONA LESTE 1,LESTE
Jardim Assunção,VILA MATILDE,ZONA LESTE 1,LESTE
Vila Dalila,VILA MATILDE,ZONA LESTE 1,LESTE
Vila Ester,VILA MATILDE,ZONA LESTE 1,LESTE
Vila Eutália,VILA MATILDE,ZONA LESTE 1,LESTE
Vila Guilhermina,VILA MATILDE,ZONA LESTE 1,LESTE
Jardim Hercília,VILA MATILDE,ZONA LESTE 1,LESTE
Jardim Maringá,VILA MATILDE,ZONA LESTE 1,LESTE
Vila Matilde,VILA MATILDE,ZONA LESTE 1,LESTE
Vila Nova Savoia,VILA MATILDE,ZONA LESTE 1,LESTE
Cidade Patriarca,VILA MATILDE,ZONA LESTE 1,LESTE
Jardim Samara,VILA MATILDE,ZONA LESTE 1,LESTE
Jardim São Joao,VILA MATILDE,ZONA LESTE 1,LESTE
Chácara Seis de Outubro,VILA MATILDE,ZONA LESTE 1,LESTE
Vila Talarico,VILA MATILDE,ZONA LESTE 1,LESTE
Jardim Triana,VILA MATILDE,ZONA LESTE 1,LESTE
Vila Alois,VILA PRUDENTE,ZONA LESTE 1,LESTE
Vila Alpina,VILA PRUDENTE,ZONA LESTE 1,LESTE
Jardim Avelino,VILA PRUDENTE,ZONA LESTE 1,LESTE
Vila Bela,VILA PRUDENTE,ZONA LESTE 1,LESTE
Vila Califórnia,VILA PRUDENTE,ZONA LESTE 1,LESTE
Cj Hab Cintra Gordinho,VILA PRUDENTE,ZONA LESTE 1,LESTE
Jardim Da Figueira,VILA PRUDENTE,ZONA LESTE 1,LESTE
Jardim Haddad,VILA PRUDENTE,ZONA LESTE 1,LESTE
Vila Lúcia,VILA PRUDENTE,ZONA LESTE 1,LESTE
Vila Macedópolis,VILA PRUDENTE,ZONA LESTE 1,LESTE
Parque Vila Prudente,VILA PRUDENTE,ZONA LESTE 1,LESTE
Vila Prudente,VILA PRUDENTE,ZONA LESTE 1,LESTE
Quinta Da Paineira,VILA PRUDENTE,ZONA LESTE 1,LESTE
Vila Santa Tereza,VILA PRUDENTE,ZONA LESTE 1,LESTE
Vila São Mauricio,VILA PRUDENTE,ZONA LESTE 1,LESTE
Vila Toni,VILA PRUDENTE,ZONA LESTE 1,LESTE
Vila Zelina,VILA PRUDENTE,ZONA LESTE 1,LESTE
Alto de Pinheiros,ALTO DE PINHEIROS,,OESTE
Jardim Atibaia,ALTO DE PINHEIROS,,OESTE
Vila Beatriz,ALTO DE PINHEIROS,,OESTE
Sitio Boa Vista,ALTO DE PINHEIROS,,OESTE
Boaçava,ALTO DE PINHEIROS,,OESTE
Jardim Califórnia,ALTO DE PINHEIROS,,OESTE
Vila Ida,ALTO DE PINHEIROS,,OESTE
Jardim dos Jacarandas,ALTO DE PINHEIROS,,OESTE
Vila Jatai,ALTO DE PINHEIROS,,OESTE
Jardim Lígia,ALTO DE PINHEIROS,,OESTE
Vila Madalena,ALTO DE PINHEIROS,,OESTE
Vila Nogueira,ALTO DE PINHEIROS,,OESTE
Parque Rebouças,ALTO DE PINHEIROS,,OESTE
Santa Boa Vista,ALTO DE PINHEIROS,,OESTE
Jardim Santa Lúcia,ALTO DE PINHEIROS,,OESTE
Parque Vila Lobos,ALTO DE PINHEIROS,,OESTE
Água Branca,BARRA FUNDA,,OESTE
Barra Funda,BARRA FUNDA,,OESTE
Vila Barra Funda,BARRA FUNDA,,OESTE
Vila Chalot,BARRA FUNDA,,OESTE
Vila dos Ferroviários,BARRA FUNDA,,OESTE
Parque Industrial Tomas Edson,BARRA FUNDA,,OESTE
Jardim Ademar de Barros,BUTANTÃ,,OESTE
Cidade Bandeirantes,BUTANTÃ,,OESTE
Cidade dos Bandeirantes,BUTANTÃ,,OESTE
Jardim Bonfiglioli,BUTANTÃ,,OESTE
Butantã,BUTANTÃ,,OESTE
Conjunto Residencial Butantã,BUTANTÃ,,OESTE
Caxingui,BUTANTÃ,,OESTE
Jardim Caxingui,BUTANTÃ,,OESTE
Jardim Centenário,BUTANTÃ,,OESTE
Jardim Christie,BUTANTÃ,,OESTE
Jardim Educandário,BUTANTÃ,,OESTE
Jardim Esmeralda,BUTANTÃ,,OESTE
Vila Gomes,BUTANTÃ,,OESTE
Vila Indiana,BUTANTÃ,,OESTE
Inocoop,BUTANTÃ,,OESTE
Jardim Matarazzo,BUTANTÃ,,OESTE
Jardim Peri-Peri,BUTANTÃ,,OESTE
Jardim Pinheiros,BUTANTÃ,,OESTE
Vila Pirajussara,BUTANTÃ,,OESTE
Jardim Instituto Previdência,BUTANTÃ,,OESTE
Jardim Rizzo,BUTANTÃ,,OESTE
Jardim Rolinópolis,BUTANTÃ,,OESTE
Jardim São Gilberto,BUTANTÃ,,OESTE
Cidade Universitária,BUTANTÃ,,OESTE
Jardim Das Acácias,ITAIM-BIBI,,OESTE
Brooklin,ITAIM-BIBI,,OESTE
Brooklin Novo,ITAIM-BIBI,,OESTE
Brooklin Paulista,ITAIM-BIBI,,OESTE
Vila Cordeiro,ITAIM-BIBI,,OESTE
Jardim Edith,ITAIM-BIBI,,OESTE
Vila Funchal,ITAIM-BIBI,,OESTE
Vila Gertrudes,ITAIM-BIBI,,OESTE
Ibirapuera,ITAIM-BIBI,,OESTE
Itaim Bibi,ITAIM-BIBI,,OESTE
Chácara Itaim,ITAIM-BIBI,,OESTE
Cidade Monções,ITAIM-BIBI,,OESTE
Vila Olímpia,ITAIM-BIBI,,OESTE
Parque Anhanguera,JAGUARA,,OESTE
Vila Aparecida Ivone,JAGUARA,,OESTE
Jardim Belaura,JAGUARA,,OESTE
Jardim Cimobil,JAGUARA,,OESTE
Vila Eleonora,JAGUARA,,OESTE
Jaguara,JAGUARA,,OESTE
Vila Jaguara,JAGUARA,,OESTE
Jardim Marisa,JAGUARA,,OESTE
Vila Nilva,JAGUARA,,OESTE
Jardim Piauí,JAGUARA,,OESTE
Vila Piauí,JAGUARA,,OESTE
Vila Remédios,JAGUARA,,OESTE
Vila Santa Edwiges,JAGUARA,,OESTE
Chácara São Joao,JAGUARA,,OESTE
Vila Varanda,JAGUARA,,OESTE
Jardim Vieira,JAGUARA,,OESTE
Conjunto Butantã,JAGUARÉ,,OESTE
Parque Continental,JAGUARÉ,,OESTE
Vila Graziella,JAGUARÉ,,OESTE
Jaguaré,JAGUARÉ,,OESTE
Centro Industrial Jaguaré,JAGUARÉ,,OESTE
Vila Jaguaré,JAGUARÉ,,OESTE
Vila Lageado,JAGUARÉ,,OESTE
Jardim América,JARDIM PAULISTA,,OESTE
Cerqueira Cesar,JARDIM PAULISTA,,OESTE
Jardim Paulista,JARDIM PAULISTA,,OESTE
Vila Primavera,JARDIM PAULISTA,,OESTE
Água Branca,LAPA,,OESTE
Alto da Lapa,LAPA,,OESTE
Vila Anastácio,LAPA,,OESTE
Vila Argentina,LAPA,,OESTE
Vila Augusto,LAPA,,OESTE
Vila Ipojuca,LAPA,,OESTE
Lapa,LAPA,,OESTE
Lapa de Baixo,LAPA,,OESTE
Parque Residencial Lapa,LAPA,,OESTE
Vila Pompéia,LAPA,,OESTE
Vila Romana,LAPA,,OESTE
Bairro Siciliano,LAPA,,OESTE
Jardim Cidade,MORUMBI,,OESTE
Jardim D'oeste,MORUMBI,,OESTE
Jardim Everest,MORUMBI,,OESTE
Jardim Guedala,MORUMBI,,OESTE
Cidade Jardim,MORUMBI,,OESTE
Jardim Leonor,MORUMBI,,OESTE
Morumbi,MORUMBI,,OESTE
Fazenda Morumbi,MORUMBI,,OESTE
Jardim Morumbi,MORUMBI,,OESTE
Vila Morumbi,MORUMBI,,OESTE
Paineiras Do Morumbi,MORUMBI,,OESTE
Jardim Panorama,MORUMBI,,OESTE
Paraisópolis,MORUMBI,,OESTE
Jardim Progredior,MORUMBI,,OESTE
Real Parque,MORUMBI,,OESTE
Jardim Silvia,MORUMBI,,OESTE
Vila Tramontano,MORUMBI,,OESTE
Jardim Viana,MORUMBI,,OESTE
Vila Anglo-Brasileira,PERDIZES,,OESTE
Campos Da Escolástica,PERDIZES,,OESTE
Perdizes,PERDIZES,,OESTE
Vila Pompéia,PERDIZES,,OESTE
Bairro Siciliano,PERDIZES,,OESTE
Sumaré,PERDIZES,,OESTE
Bairro Urbanizadora,PERDIZES,,OESTE
Jardim Vera Cruz,PERDIZES,,OESTE
Jardim das Bandeiras,PINHEIROS,,OESTE
Jardim Europa,PINHEIROS,,OESTE
Vila Madalena,PINHEIROS,,OESTE
Vila Nogueira,PINHEIROS,,OESTE
Jardim Paulistano,PINHEIROS,,OESTE
Pinheiros,PINHEIROS,,OESTE
Jardim das Rosas,PINHEIROS,,OESTE
Jardim Santa Lúcia,PINHEIROS,,OESTE
Sumarezinho,PINHEIROS,,OESTE
Jardim Alvorada,RAPOSO TAVARES,,OESTE
Jardim Amaralina,RAPOSO TAVARES,,OESTE
Jardim Arpoador,RAPOSO TAVARES,,OESTE
Jardim Batalha,RAPOSO TAVARES,,OESTE
Jardim Boa Vista,RAPOSO TAVARES,,OESTE
Vila Borges,RAPOSO TAVARES,,OESTE
Conjunto Habitacional Butantã,RAPOSO TAVARES,,OESTE
Jardim Cambara,RAPOSO TAVARES,,OESTE
Jardim Claudia,RAPOSO TAVARES,,OESTE
Jardim Dracena,RAPOSO TAVARES,,OESTE
Educandário,RAPOSO TAVARES,,OESTE
Conjunto Habitacional Jardim Educandário,RAPOSO TAVARES,,OESTE
Jardim Educandário,RAPOSO TAVARES,,OESTE
Jardim das Esmeraldas,RAPOSO TAVARES,,OESTE
Jardim Guaraú,RAPOSO TAVARES,,OESTE
Parque Ipé,RAPOSO TAVARES,,OESTE
Jardim Joao 23,RAPOSO TAVARES,,OESTE
Jardim do Lago,RAPOSO TAVARES,,OESTE
Jardim Lúcia,RAPOSO TAVARES,,OESTE
Jardim Lúcio de Castro,RAPOSO TAVARES,,OESTE
Jardim Luiza,RAPOSO TAVARES,,OESTE
Jardim Maria Augusta,RAPOSO TAVARES,,OESTE
Jardim Monte Alegre,RAPOSO TAVARES,,OESTE
Jardim Monte Belo,RAPOSO TAVARES,,OESTE
Conjunto Habitacional Munck,RAPOSO TAVARES,,OESTE
Jardim Paulo 6,RAPOSO TAVARES,,OESTE
Conjunto Habitacional Raposo Tavares,RAPOSO TAVARES,,OESTE
Jardim Raposo Tavares,RAPOSO TAVARES,,OESTE
Jardim Rosa Maria,RAPOSO TAVARES,,OESTE
Jardim Rubin,RAPOSO TAVARES,,OESTE
Jardim Rúbio,RAPOSO TAVARES,,OESTE
Jardim São Jorge,RAPOSO TAVARES,,OESTE
Jardim Uirapuru,RAPOSO TAVARES,,OESTE
Jardim Adalgiza,RIO PEQUENO,,OESTE
Vila Alba,RIO PEQUENO,,OESTE
Vila Antonio,RIO PEQUENO,,OESTE
Cidade dos Bandeirantes,RIO PEQUENO,,OESTE
Vila Butantã,RIO PEQUENO,,OESTE
Jardim Califórnia,RIO PEQUENO,,OESTE
Jardim Centenário,RIO PEQUENO,,OESTE
Jardim D'abril,RIO PEQUENO,,OESTE
Vila Dalva,RIO PEQUENO,,OESTE
Jardim Dinorah,RIO PEQUENO,,OESTE
Vila Domingos,RIO PEQUENO,,OESTE
Jardim Esmeralda,RIO PEQUENO,,OESTE
Jardim Ester Yolanda,RIO PEQUENO,,OESTE
Jardim Ester,RIO PEQUENO,,OESTE
Vila Ester,RIO PEQUENO,,OESTE
Jardim Faraht,RIO PEQUENO,,OESTE
Jardim Gilda Maria,RIO PEQUENO,,OESTE
Vila Invernada,RIO PEQUENO,,OESTE
Jardim Ivana,RIO PEQUENO,,OESTE
Jardim Julieta,RIO PEQUENO,,OESTE
Jardim do Lago,RIO PEQUENO,,OESTE
Vila Madeiral,RIO PEQUENO,,OESTE
Parque Malagoli,RIO PEQUENO,,OESTE
Jardim Maria Luiza,RIO PEQUENO,,OESTE
Jardim Matarazzo,RIO PEQUENO,,OESTE
Jardim Neide,RIO PEQUENO,,OESTE
Jardim Nelly,RIO PEQUENO,,OESTE
Vila Nova Alba,RIO PEQUENO,,OESTE
Jardim Odete,RIO PEQUENO,,OESTE
Vila Polopoli,RIO PEQUENO,,OESTE
Parque Príncipes,RIO PEQUENO,,OESTE
Vila Ramos,RIO PEQUENO,,OESTE
Rio Pequeno,RIO PEQUENO,,OESTE
Jardim Rio Pequeno,RIO PEQUENO,,OESTE
Parque Rio Pequeno,RIO PEQUENO,,OESTE
Vila Rio Pequeno,RIO PEQUENO,,OESTE
Jardim Santos Dumond,RIO PEQUENO,,OESTE
Jardim São Domingos,RIO PEQUENO,,OESTE
Cidade São Francisco,RIO PEQUENO,,OESTE
Vila São Francisco,RIO PEQUENO,,OESTE
Jardim São Gilberto,RIO PEQUENO,,OESTE
Vila São Luis,RIO PEQUENO,,OESTE
Jardim São Silvestre,RIO PEQUENO,,OESTE
Jardim Sarah,RIO PEQUENO,,OESTE
Vila Sol,RIO PEQUENO,,OESTE
Vila Tiradentes,RIO PEQUENO,,OESTE
Jardim Tropical,RIO PEQUENO,,OESTE
Vila Universitária,RIO PEQUENO,,OESTE
Alto da Lapa,VILA LEOPOLDINA,,OESTE
Bela Aliança,VILA LEOPOLDINA,,OESTE
Conjunto Haddad,VILA LEOPOLDINA,,OESTE
Vila Hamburguesa,VILA LEOPOLDINA,,OESTE
Jardim Humaitá,VILA LEOPOLDINA,,OESTE
Parque da Lapa,VILA LEOPOLDINA,,OESTE
Vila Leopoldina,VILA LEOPOLDINA,,OESTE
Vila Ribeiro de Barros,VILA LEOPOLDINA,,OESTE
Água Podre,VILA SÔNIA,,OESTE
Vila Albano,VILA SÔNIA,,OESTE
Jardim Alvorada,VILA SÔNIA,,OESTE
Cidade dos Bandeirantes,VILA SÔNIA,,OESTE
Jardim Brasilina,VILA SÔNIA,,OESTE
Jardim Caboré,VILA SÔNIA,,OESTE
Jardim Campo Belo,VILA SÔNIA,,OESTE
Jardim Celeste,VILA SÔNIA,,OESTE
Jardim Colombo,VILA SÔNIA,,OESTE
Jardim Educandário,VILA SÔNIA,,OESTE
Jardim Ferreira,VILA SÔNIA,,OESTE
Vila Ford,VILA SÔNIA,,OESTE
Vila Inah,VILA SÔNIA,,OESTE
Jardim Jamaica,VILA SÔNIA,,OESTE
Jardim Jaqueline,VILA SÔNIA,,OESTE
Chácara do Jockei Club,VILA SÔNIA,,OESTE
Jardim Jussara,VILA SÔNIA,,OESTE
L'abitare,VILA SÔNIA,,OESTE
Lar São Paulo,VILA SÔNIA,,OESTE
Jardim Leila,VILA SÔNIA,,OESTE
Jardim Londrina,VILA SÔNIA,,OESTE
Jardim Maria do Carmo,VILA SÔNIA,,OESTE
Jardim Monte Kemel,VILA SÔNIA,,OESTE
Jardim Morro Verde,VILA SÔNIA,,OESTE
Vila Morse,VILA SÔNIA,,OESTE
Conjunto Residencial Morumbi,VILA SÔNIA,,OESTE
Jardim Nilson,VILA SÔNIA,,OESTE
Vila Olga,VILA SÔNIA,,OESTE
Jardim Olímpia,VILA SÔNIA,,OESTE
Jardim Oriente,VILA SÔNIA,,OESTE
Paraisópolis,VILA SÔNIA,,OESTE
Jardim Peri Peri,VILA SÔNIA,,OESTE
Vila Prado,VILA SÔNIA,,OESTE
Jardim Rebouças,VILA SÔNIA,,OESTE
Jardim Rosemary,VILA SÔNIA,,OESTE
Vila Rute,VILA SÔNIA,,OESTE
Vila Sabia,VILA SÔNIA,,OESTE
Vila Sônia,VILA SÔNIA,,OESTE
Super Quadra Morumbi,VILA SÔNIA,,OESTE
Vila Suzana,VILA SÔNIA,,OESTE
Jardim Taboão,VILA SÔNIA,,OESTE
Jardim Trussardi,VILA SÔNIA,,OESTE
Jardim Vazami,VILA SÔNIA,,OESTE
Jardim da Vertentes,VILA SÔNIA,,OESTE
Jardim Aliança,JAÇANÃ,,NORTE
Jardim Cabuçu,JAÇANÃ,,NORTE
Vila Carolina,JAÇANÃ,,NORTE
Vila Constância,JAÇANÃ,,NORTE
Parque Edu Chaves,JAÇANÃ,,NORTE
Vila Ester,JAÇANÃ,,NORTE
Vila Germinal,JAÇANÃ,,NORTE
Guapira,JAÇANÃ,,NORTE
Vila Isabel,JAÇANÃ,,NORTE
Jaçanã,JAÇANÃ,,NORTE
Jardim Jaçanã,JAÇANÃ,,NORTE
Conjunto Habitacional Jova Rural,JAÇANÃ,,NORTE
Vila Laura,JAÇANÃ,,NORTE
Vila Milagrosa,JAÇANÃ,,NORTE
Jardim Modelo,JAÇANÃ,,NORTE
Conjunto Residencial Montepio,JAÇANÃ,,NORTE
Vila Nelson,JAÇANÃ,,NORTE
Vila Nilo,JAÇANÃ,,NORTE
Vila Nova Galvao,JAÇANÃ,,NORTE
Vila Santa Terezinha,JAÇANÃ,,NORTE
Chácara São Joao,JAÇANÃ,,NORTE
Vila Amélia,MANDAQUI,,NORTE
Vila Aurora,MANDAQUI,,NORTE
Vila Basileia,MANDAQUI,,NORTE
Cantareira,MANDAQUI,,NORTE
Jardim Carlu,MANDAQUI,,NORTE
Vila Celeste,MANDAQUI,,NORTE
Jardim Emília,MANDAQUI,,NORTE
Chácara do Encosto,MANDAQUI,,NORTE
Jardim Flamingo,MANDAQUI,,NORTE
Vila Guaça,MANDAQUI,,NORTE
Horto Florestal,MANDAQUI,,NORTE
Imirim,MANDAQUI,,NORTE
Jardim Itatinga,MANDAQUI,,NORTE
Lauzane Paulista,MANDAQUI,,NORTE
Jardim Malba,MANDAQUI,,NORTE
Mandaqui,MANDAQUI,,NORTE
Parque Mandaqui,MANDAQUI,,NORTE
Jardim Maninos,MANDAQUI,,NORTE
Jardim Ormendina,MANDAQUI,,NORTE
Jardim Paraíso,MANDAQUI,,NORTE
Pedra Branca,MANDAQUI,,NORTE
Sitio Pedra Branca,MANDAQUI,,NORTE
Vila Pedra Branca,MANDAQUI,,NORTE
Jardim Picolo,MANDAQUI,,NORTE
Vila Romero,MANDAQUI,,NORTE
Jardim Santa Inês,MANDAQUI,,NORTE
Conjunto Residencial Santa Terezinha,MANDAQUI,,NORTE
Conjunto Residencial Santo Antonio,MANDAQUI,,NORTE
Vila Santo Antonio,MANDAQUI,,NORTE
Vila Santos,MANDAQUI,,NORTE
Jardim Sônia,MANDAQUI,,NORTE
Jardim Vieira de Carvalho,MANDAQUI,,NORTE
Vila Vitorio Mazzei,MANDAQUI,,NORTE
Água Fria,SANTANA,,NORTE
Parque Anhembi,SANTANA,,NORTE
Vila Benevente,SANTANA,,NORTE
Vila Bianca,SANTANA,,NORTE
Jardim Carmem Verônica,SANTANA,,NORTE
Chora Menino,SANTANA,,NORTE
Jardim do Colégio,SANTANA,,NORTE
Jardim Guanandi,SANTANA,,NORTE
Imirim,SANTANA,,NORTE
Vila Jose Casa Grande,SANTANA,,NORTE
Mandaqui,SANTANA,,NORTE
Vila Mariza Mazzei,SANTANA,,NORTE
Vila Matias,SANTANA,,NORTE
Vila Pauliceia,SANTANA,,NORTE
Vila Rabelo,SANTANA,,NORTE
Jardim Santa Luzia,SANTANA,,NORTE
Santa Terezinha,SANTANA,,NORTE
Santana,SANTANA,,NORTE
Vila Santana,SANTANA,,NORTE
Jardim São Paulo,SANTANA,,NORTE
Vila Siciliano,SANTANA,,NORTE
Vila Vitoria,SANTANA,,NORTE
Vila Zélia,SANTANA,,NORTE
Vila Albertina,TREMEMBÉ,,NORTE
Jardim Ataliba Leonel,TREMEMBÉ,,NORTE
Vila Aurora,TREMEMBÉ,,NORTE
Barrocada,TREMEMBÉ,,NORTE
Jardim Bibi,TREMEMBÉ,,NORTE
Bortolândia,TREMEMBÉ,,NORTE
Vila Brasil,TREMEMBÉ,,NORTE
Campo Limpo,TREMEMBÉ,,NORTE
Cantareira,TREMEMBÉ,,NORTE
Parque Casa da Pedra,TREMEMBÉ,,NORTE
Jardim Cristina,TREMEMBÉ,,NORTE
Jardim Daysi,TREMEMBÉ,,NORTE
Jardim Denise,TREMEMBÉ,,NORTE
Vila Dornas,TREMEMBÉ,,NORTE
Jardim Entre Serras,TREMEMBÉ,,NORTE
Vila Esmeralda,TREMEMBÉ,,NORTE
Conjunto Fidalgo,TREMEMBÉ,,NORTE
Vila Fidalgo,TREMEMBÉ,,NORTE
Jardim Floresta,TREMEMBÉ,,NORTE
Jardim da Fonte,TREMEMBÉ,,NORTE
Vila Francisco Mentem,TREMEMBÉ,,NORTE
Furnas,TREMEMBÉ,,NORTE
Guapira,TREMEMBÉ,,NORTE
Jardim Guapira,TREMEMBÉ,,NORTE
Jardim Iara,TREMEMBÉ,,NORTE
Jardim Ibira,TREMEMBÉ,,NORTE
Jardim Ibiratiba,TREMEMBÉ,,NORTE
Vila Irmãos Arnoni,TREMEMBÉ,,NORTE
Jardim Jaçanã,TREMEMBÉ,,NORTE
Jardim Joamar,TREMEMBÉ,,NORTE
Jardim Joana D'arc,TREMEMBÉ,,NORTE
Jardim Lugo,TREMEMBÉ,,NORTE
Jardim Luiza,TREMEMBÉ,,NORTE
Jardim Maria Antônia,TREMEMBÉ,,NORTE
Vila Maria Augusta,TREMEMBÉ,,NORTE
Jardim Maria Cândida,TREMEMBÉ,,NORTE
Jardim Maria Nazaré,TREMEMBÉ,,NORTE
Vila Marieta,TREMEMBÉ,,NORTE
Jardim Mario Fonseca,TREMEMBÉ,,NORTE
Jardim Martins Silva,TREMEMBÉ,,NORTE
Jardim Miguel Mauricio,TREMEMBÉ,,NORTE
Vila Nova Mazzei,TREMEMBÉ,,NORTE
Parque Palmas do Tremembé,TREMEMBÉ,,NORTE
Vila Paulistana,TREMEMBÉ,,NORTE
Jardim Das Pedras,TREMEMBÉ,,NORTE
Vila Pereira,TREMEMBÉ,,NORTE
Parque Petrópolis,TREMEMBÉ,,NORTE
Jardim Piqueri,TREMEMBÉ,,NORTE
Sitio do Piqueri,TREMEMBÉ,,NORTE
Jardim Quarto Centenário,TREMEMBÉ,,NORTE
Parque Ramos De Freitas,TREMEMBÉ,,NORTE
Jardim Das Rosas,TREMEMBÉ,,NORTE
Vila Dos Rosas,TREMEMBÉ,,NORTE
Santa Cruz Do Corisco,TREMEMBÉ,,NORTE
Jardim Santa Marcelina,TREMEMBÉ,,NORTE
Jardim Santa Maria,TREMEMBÉ,,NORTE
Jardim São Luis,TREMEMBÉ,,NORTE
Jardim São Manoel,TREMEMBÉ,,NORTE
Vila Solear,TREMEMBÉ,,NORTE
Tremembé,TREMEMBÉ,,NORTE
Parque Residencial Tremembé,TREMEMBÉ,,NORTE
Vila Vieira,TREMEMBÉ,,NORTE
Jardim Virginia Bianca,TREMEMBÉ,,NORTE
Vila Virginia,TREMEMBÉ,,NORTE
Vila Zilda,TREMEMBÉ,,NORTE
Barro Branco,TUCURUVI,,NORTE
Jardim Barro Branco,TUCURUVI,,NORTE
Vila Cachoeira,TUCURUVI,,NORTE
Vila Constança,TUCURUVI,,NORTE
Vila Dom Pedro 2,TUCURUVI,,NORTE
Jardim Dona Leonor Mendes de Barros,TUCURUVI,,NORTE
Jardim Floresta,TUCURUVI,,NORTE
Jardim Franca,TUCURUVI,,NORTE
Vila Germinal,TUCURUVI,,NORTE
Vila Gustavo,TUCURUVI,,NORTE
Jardim Kherlakian,TUCURUVI,,NORTE
Vila Mazzei,TUCURUVI,,NORTE
Jardim Nelson,TUCURUVI,,NORTE
Vila Nivi,TUCURUVI,,NORTE
Parada Inglesa,TUCURUVI,,NORTE
Vila Pedrosa,TUCURUVI,,NORTE
Parque Rodrigues Alves,TUCURUVI,,NORTE
Vila Santa Terezinha,TUCURUVI,,NORTE
Tucuruvi,TUCURUVI,,NORTE
Jardim Vieira de Carvalho,TUCURUVI,,NORTE
Parque Vitoria,TUCURUVI,,NORTE
Vila Bariri,VILA GUILHERME,,NORTE
Carandiru,VILA GUILHERME,,NORTE
Coroa,VILA GUILHERME,,NORTE
Jardim Coroa,VILA GUILHERME,,NORTE
Chácara Cuoco,VILA GUILHERME,,NORTE
Jardim da Divisa,VILA GUILHERME,,NORTE
Vila Eleonore,VILA GUILHERME,,NORTE
Vila Guilherme,VILA GUILHERME,,NORTE
Vila Isolina Mazzei,VILA GUILHERME,,NORTE
Vila Isolina,VILA GUILHERME,,NORTE
Vila Leonor,VILA GUILHERME,,NORTE
Vila Paiva,VILA GUILHERME,,NORTE
Vila Pizzotti,VILA GUILHERME,,NORTE
Vila Salvador Romeu,VILA GUILHERME,,NORTE
Vila Santa Catarina,VILA GUILHERME,,NORTE
Jardim Sara,VILA GUILHERME,,NORTE
Vila Vessoni,VILA GUILHERME,,NORTE
Jardim AndaraÍ,VILA MARIA,,NORTE
Jardim JapÃo,VILA MARIA,,NORTE
Vila Maria Alta,VILA MARIA,,NORTE
Vila Maria Baixa,VILA MARIA,,NORTE
Conjunto Promorar Vila Maria,VILA MARIA,,NORTE
Parque Vila Maria,VILA MARIA,,NORTE
Vila Maria,VILA MARIA,,NORTE
Parque Novo Mundo,VILA MARIA,,NORTE
Vila Alegria,VILA MEDEIROS,,NORTE
Jardim Brasil,VILA MEDEIROS,,NORTE
Vila Ede,VILA MEDEIROS,,NORTE
Vila Eleonore,VILA MEDEIROS,,NORTE
Vila Elisa,VILA MEDEIROS,,NORTE
Conjunto Promorar Fernão Dias,VILA MEDEIROS,,NORTE
Jardim Guançã,VILA MEDEIROS,,NORTE
Jardim Julieta,VILA MEDEIROS,,NORTE
Vila Medeiros,VILA MEDEIROS,,NORTE
Vila Munhoz,VILA MEDEIROS,,NORTE
Jardim Néila,VILA MEDEIROS,,NORTE
Parque Novo Mundo,VILA MEDEIROS,,NORTE
Conjunto Habitacional Jardim Paulistano,VILA MEDEIROS,,NORTE
Vila Sabrina,VILA MEDEIROS,,NORTE